Row Labels,Sum of height,,Row Labels,Sum of weight,,Row Labels,Sum of hp,,Row Labels,Sum of attack,,Row Labels,Sum of defense,,Row Labels,Sum of generation
Abomasnow,2.2,,Abomasnow,135.5,,Abomasnow,90,,Abomasnow,92,,Abomasnow,75,,1,151
Abra,0.9,,Abra,19.5,,Abra,25,,Abra,20,,Abra,15,,2,200
Absol,1.2,,Absol,47,,Absol,65,,Absol,130,,Absol,60,,3,405
Accelgor,0.8,,Accelgor,25.3,,Accelgor,80,,Accelgor,70,,Accelgor,40,,4,428
Aegislash,1.7,,Aegislash,53,,Aegislash,60,,Aegislash,50,,Aegislash,140,,5,780
Aerodactyl,1.8,,Aerodactyl,59,,Aerodactyl,80,,Aerodactyl,105,,Aerodactyl,65,,6,432
Aggron,2.1,,Aggron,360,,Aggron,70,,Aggron,110,,Aggron,180,,7,616
Aipom,0.8,,Aipom,11.5,,Aipom,55,,Aipom,70,,Aipom,55,,8,768
Alakazam,1.5,,Alakazam,48,,Alakazam,55,,Alakazam,50,,Alakazam,45,,9,1080
Alcremie,0.3,,Alcremie,0.5,,Alcremie,65,,Alcremie,60,,Alcremie,75,,Grand Total,4860
Alomomola,1.2,,Alomomola,31.6,,Alomomola,165,,Alomomola,75,,Alomomola,80,,,
Altaria,1.1,,Altaria,20.6,,Altaria,75,,Altaria,70,,Altaria,90,,,
Amaura,1.3,,Amaura,25.2,,Amaura,77,,Amaura,59,,Amaura,50,,,
Ambipom,1.2,,Ambipom,20.3,,Ambipom,75,,Ambipom,100,,Ambipom,66,,,
Amoonguss,0.6,,Amoonguss,10.5,,Amoonguss,114,,Amoonguss,85,,Amoonguss,70,,,
Ampharos,1.4,,Ampharos,61.5,,Ampharos,90,,Ampharos,75,,Ampharos,85,,,
Annihilape,1.2,,Annihilape,56,,Annihilape,110,,Annihilape,115,,Annihilape,80,,,
Anorith,0.7,,Anorith,12.5,,Anorith,45,,Anorith,95,,Anorith,50,,,
Appletun,0.4,,Appletun,13,,Appletun,110,,Appletun,85,,Appletun,80,,,
Applin,0.2,,Applin,0.5,,Applin,40,,Applin,40,,Applin,80,,,
Araquanid,1.8,,Araquanid,82,,Araquanid,68,,Araquanid,70,,Araquanid,92,,,
Arbok,3.5,,Arbok,65,,Arbok,60,,Arbok,95,,Arbok,69,,,
Arboliva,1.4,,Arboliva,48.2,,Arboliva,78,,Arboliva,69,,Arboliva,90,,,
Arcanine,1.9,,Arcanine,155,,Arcanine,90,,Arcanine,110,,Arcanine,80,,,
Arceus,3.2,,Arceus,320,,Arceus,120,,Arceus,120,,Arceus,120,,,
Archaludon,2,,Archaludon,60,,Archaludon,90,,Archaludon,105,,Archaludon,130,,,
Archen,0.5,,Archen,9.5,,Archen,55,,Archen,112,,Archen,45,,,
Archeops,1.4,,Archeops,32,,Archeops,75,,Archeops,140,,Archeops,65,,,
Arctibax,0.8,,Arctibax,30,,Arctibax,90,,Arctibax,95,,Arctibax,66,,,
Arctovish,2,,Arctovish,175,,Arctovish,90,,Arctovish,90,,Arctovish,100,,,
Arctozolt,2.3,,Arctozolt,150,,Arctozolt,90,,Arctozolt,100,,Arctozolt,90,,,
Ariados,1.1,,Ariados,33.5,,Ariados,70,,Ariados,90,,Ariados,70,,,
Armaldo,1.5,,Armaldo,68.2,,Armaldo,75,,Armaldo,125,,Armaldo,100,,,
Armarouge,1.5,,Armarouge,85,,Armarouge,85,,Armarouge,60,,Armarouge,100,,,
Aromatisse,0.8,,Aromatisse,15.5,,Aromatisse,101,,Aromatisse,72,,Aromatisse,72,,,
Aron,0.4,,Aron,60,,Aron,50,,Aron,70,,Aron,100,,,
Arrokuda,0.5,,Arrokuda,1,,Arrokuda,41,,Arrokuda,63,,Arrokuda,40,,,
Articuno,1.7,,Articuno,55.4,,Articuno,90,,Articuno,85,,Articuno,100,,,
Audino,1.1,,Audino,31,,Audino,103,,Audino,60,,Audino,86,,,
Aurorus,2.7,,Aurorus,225,,Aurorus,123,,Aurorus,77,,Aurorus,72,,,
Avalugg,2,,Avalugg,505,,Avalugg,95,,Avalugg,117,,Avalugg,184,,,
Axew,0.6,,Axew,18,,Axew,46,,Axew,87,,Axew,60,,,
Azelf,0.3,,Azelf,0.3,,Azelf,75,,Azelf,125,,Azelf,70,,,
Azumarill,0.8,,Azumarill,28.5,,Azumarill,100,,Azumarill,50,,Azumarill,80,,,
Azurill,0.2,,Azurill,2,,Azurill,50,,Azurill,20,,Azurill,40,,,
Bagon,0.6,,Bagon,42.1,,Bagon,45,,Bagon,75,,Bagon,60,,,
Baltoy,0.5,,Baltoy,21.5,,Baltoy,40,,Baltoy,40,,Baltoy,55,,,
Banette,1.1,,Banette,12.5,,Banette,64,,Banette,115,,Banette,65,,,
Barbaracle,1.3,,Barbaracle,96,,Barbaracle,72,,Barbaracle,105,,Barbaracle,115,,,
Barboach,0.4,,Barboach,1.9,,Barboach,50,,Barboach,48,,Barboach,43,,,
Barraskewda,1.3,,Barraskewda,30,,Barraskewda,61,,Barraskewda,123,,Barraskewda,60,,,
Basculegion,3,,Basculegion,110,,Basculegion,120,,Basculegion,112,,Basculegion,65,,,
Basculin,1,,Basculin,18,,Basculin,70,,Basculin,92,,Basculin,65,,,
Bastiodon,1.3,,Bastiodon,149.5,,Bastiodon,60,,Bastiodon,52,,Bastiodon,168,,,
Baxcalibur,2.1,,Baxcalibur,210,,Baxcalibur,115,,Baxcalibur,145,,Baxcalibur,92,,,
Bayleef,1.2,,Bayleef,15.8,,Bayleef,60,,Bayleef,62,,Bayleef,80,,,
Beartic,2.6,,Beartic,260,,Beartic,95,,Beartic,130,,Beartic,80,,,
Beautifly,1,,Beautifly,28.4,,Beautifly,60,,Beautifly,70,,Beautifly,50,,,
Beedrill,1,,Beedrill,29.5,,Beedrill,65,,Beedrill,90,,Beedrill,40,,,
Beheeyem,1,,Beheeyem,34.5,,Beheeyem,75,,Beheeyem,75,,Beheeyem,75,,,
Beldum,0.6,,Beldum,95.2,,Beldum,40,,Beldum,55,,Beldum,80,,,
Bellibolt,1.2,,Bellibolt,113,,Bellibolt,109,,Bellibolt,64,,Bellibolt,91,,,
Bellossom,0.4,,Bellossom,5.8,,Bellossom,75,,Bellossom,80,,Bellossom,95,,,
Bellsprout,0.7,,Bellsprout,4,,Bellsprout,50,,Bellsprout,75,,Bellsprout,35,,,
Bergmite,1,,Bergmite,99.5,,Bergmite,55,,Bergmite,69,,Bergmite,85,,,
Bewear,2.1,,Bewear,135,,Bewear,120,,Bewear,125,,Bewear,80,,,
Bibarel,1,,Bibarel,31.5,,Bibarel,79,,Bibarel,85,,Bibarel,60,,,
Bidoof,0.5,,Bidoof,20,,Bidoof,59,,Bidoof,45,,Bidoof,40,,,
Binacle,0.5,,Binacle,31,,Binacle,42,,Binacle,52,,Binacle,67,,,
Bisharp,1.6,,Bisharp,70,,Bisharp,65,,Bisharp,125,,Bisharp,100,,,
Blacephalon,1.8,,Blacephalon,13,,Blacephalon,53,,Blacephalon,127,,Blacephalon,53,,,
Blastoise,1.6,,Blastoise,85.5,,Blastoise,79,,Blastoise,83,,Blastoise,100,,,
Blaziken,1.9,,Blaziken,52,,Blaziken,80,,Blaziken,120,,Blaziken,70,,,
Blipbug,0.4,,Blipbug,8,,Blipbug,25,,Blipbug,20,,Blipbug,20,,,
Blissey,1.5,,Blissey,46.8,,Blissey,255,,Blissey,10,,Blissey,10,,,
Blitzle,0.8,,Blitzle,29.8,,Blitzle,45,,Blitzle,60,,Blitzle,32,,,
Boldore,0.9,,Boldore,102,,Boldore,70,,Boldore,105,,Boldore,105,,,
Boltund,1,,Boltund,34,,Boltund,69,,Boltund,90,,Boltund,60,,,
Bombirdier,1.5,,Bombirdier,42.9,,Bombirdier,70,,Bombirdier,103,,Bombirdier,85,,,
Bonsly,0.5,,Bonsly,15,,Bonsly,50,,Bonsly,80,,Bonsly,95,,,
Bouffalant,1.6,,Bouffalant,94.6,,Bouffalant,95,,Bouffalant,110,,Bouffalant,95,,,
Bounsweet,0.3,,Bounsweet,3.2,,Bounsweet,42,,Bounsweet,30,,Bounsweet,38,,,
Braixen,1,,Braixen,14.5,,Braixen,59,,Braixen,59,,Braixen,58,,,
Brambleghast,1.2,,Brambleghast,6,,Brambleghast,55,,Brambleghast,115,,Brambleghast,70,,,
Bramblin,0.6,,Bramblin,0.6,,Bramblin,40,,Bramblin,65,,Bramblin,30,,,
Braviary,1.5,,Braviary,41,,Braviary,100,,Braviary,123,,Braviary,75,,,
Breloom,1.2,,Breloom,39.2,,Breloom,60,,Breloom,130,,Breloom,80,,,
Brionne,0.6,,Brionne,17.5,,Brionne,60,,Brionne,69,,Brionne,69,,,
Bronzong,1.3,,Bronzong,187,,Bronzong,67,,Bronzong,89,,Bronzong,116,,,
Bronzor,0.5,,Bronzor,60.5,,Bronzor,57,,Bronzor,24,,Bronzor,86,,,
Brute Bonnet,1.2,,Brute Bonnet,21,,Brute Bonnet,111,,Brute Bonnet,127,,Brute Bonnet,99,,,
Bruxish,0.9,,Bruxish,19,,Bruxish,68,,Bruxish,105,,Bruxish,70,,,
Budew,0.2,,Budew,1.2,,Budew,40,,Budew,30,,Budew,35,,,
Buizel,0.7,,Buizel,29.5,,Buizel,55,,Buizel,65,,Buizel,35,,,
Bulbasaur,0.7,,Bulbasaur,6.9,,Bulbasaur,45,,Bulbasaur,49,,Bulbasaur,49,,,
Buneary,0.4,,Buneary,5.5,,Buneary,55,,Buneary,66,,Buneary,44,,,
Bunnelby,0.4,,Bunnelby,5,,Bunnelby,38,,Bunnelby,36,,Bunnelby,38,,,
Burmy,0.2,,Burmy,3.4,,Burmy,40,,Burmy,29,,Burmy,45,,,
Butterfree,1.1,,Butterfree,32,,Butterfree,60,,Butterfree,45,,Butterfree,50,,,
Buzzwole,2.4,,Buzzwole,333.6,,Buzzwole,107,,Buzzwole,139,,Buzzwole,139,,,
Cacnea,0.4,,Cacnea,51.3,,Cacnea,50,,Cacnea,85,,Cacnea,40,,,
Cacturne,1.3,,Cacturne,77.4,,Cacturne,70,,Cacturne,115,,Cacturne,60,,,
Calyrex,1.1,,Calyrex,7.7,,Calyrex,100,,Calyrex,80,,Calyrex,80,,,
Camerupt,1.9,,Camerupt,220,,Camerupt,70,,Camerupt,100,,Camerupt,70,,,
Capsakid,0.3,,Capsakid,3,,Capsakid,50,,Capsakid,62,,Capsakid,40,,,
Carbink,0.3,,Carbink,5.7,,Carbink,50,,Carbink,50,,Carbink,150,,,
Carkol,1.1,,Carkol,78,,Carkol,80,,Carkol,60,,Carkol,90,,,
Carnivine,1.4,,Carnivine,27,,Carnivine,74,,Carnivine,100,,Carnivine,72,,,
Carracosta,1.2,,Carracosta,81,,Carracosta,74,,Carracosta,108,,Carracosta,133,,,
Carvanha,0.8,,Carvanha,20.8,,Carvanha,45,,Carvanha,90,,Carvanha,20,,,
Cascoon,0.7,,Cascoon,11.5,,Cascoon,50,,Cascoon,35,,Cascoon,55,,,
Castform,0.3,,Castform,0.8,,Castform,70,,Castform,70,,Castform,70,,,
Caterpie,0.3,,Caterpie,2.9,,Caterpie,45,,Caterpie,30,,Caterpie,35,,,
Celebi,0.6,,Celebi,5,,Celebi,100,,Celebi,100,,Celebi,100,,,
Celesteela,9.2,,Celesteela,999.9,,Celesteela,97,,Celesteela,101,,Celesteela,103,,,
Centiskorch,3,,Centiskorch,120,,Centiskorch,100,,Centiskorch,115,,Centiskorch,65,,,
Ceruledge,1.6,,Ceruledge,62,,Ceruledge,75,,Ceruledge,125,,Ceruledge,80,,,
Cetitan,4.5,,Cetitan,700,,Cetitan,170,,Cetitan,113,,Cetitan,65,,,
Cetoddle,1.2,,Cetoddle,45,,Cetoddle,108,,Cetoddle,68,,Cetoddle,45,,,
Chandelure,1,,Chandelure,34.3,,Chandelure,60,,Chandelure,55,,Chandelure,90,,,
Chansey,1.1,,Chansey,34.6,,Chansey,250,,Chansey,5,,Chansey,5,,,
Charcadet,0.6,,Charcadet,10.5,,Charcadet,40,,Charcadet,50,,Charcadet,40,,,
Charizard,1.7,,Charizard,90.5,,Charizard,78,,Charizard,84,,Charizard,78,,,
Charjabug,0.5,,Charjabug,10.5,,Charjabug,57,,Charjabug,82,,Charjabug,95,,,
Charmander,0.6,,Charmander,8.5,,Charmander,39,,Charmander,52,,Charmander,43,,,
Charmeleon,1.1,,Charmeleon,19,,Charmeleon,58,,Charmeleon,64,,Charmeleon,58,,,
Chatot,0.5,,Chatot,1.9,,Chatot,76,,Chatot,65,,Chatot,45,,,
Cherrim,0.5,,Cherrim,9.3,,Cherrim,70,,Cherrim,60,,Cherrim,70,,,
Cherubi,0.4,,Cherubi,3.3,,Cherubi,45,,Cherubi,35,,Cherubi,45,,,
Chesnaught,1.6,,Chesnaught,90,,Chesnaught,88,,Chesnaught,107,,Chesnaught,122,,,
Chespin,0.4,,Chespin,9,,Chespin,56,,Chespin,61,,Chespin,65,,,
Chewtle,0.3,,Chewtle,8.5,,Chewtle,50,,Chewtle,64,,Chewtle,50,,,
Chien-Pao,1.9,,Chien-Pao,152.2,,Chien-Pao,80,,Chien-Pao,120,,Chien-Pao,80,,,
Chikorita,0.9,,Chikorita,6.4,,Chikorita,45,,Chikorita,49,,Chikorita,65,,,
Chimchar,0.5,,Chimchar,6.2,,Chimchar,44,,Chimchar,58,,Chimchar,44,,,
Chimecho,0.6,,Chimecho,1,,Chimecho,75,,Chimecho,50,,Chimecho,80,,,
Chinchou,0.5,,Chinchou,12,,Chinchou,75,,Chinchou,38,,Chinchou,38,,,
Chingling,0.2,,Chingling,0.6,,Chingling,45,,Chingling,30,,Chingling,50,,,
Chi-Yu,0.4,,Chi-Yu,4.9,,Chi-Yu,55,,Chi-Yu,80,,Chi-Yu,80,,,
Cinccino,0.5,,Cinccino,7.5,,Cinccino,75,,Cinccino,95,,Cinccino,60,,,
Cinderace,1.4,,Cinderace,33,,Cinderace,80,,Cinderace,116,,Cinderace,75,,,
Clamperl,0.4,,Clamperl,52.5,,Clamperl,35,,Clamperl,64,,Clamperl,85,,,
Clauncher,0.5,,Clauncher,8.3,,Clauncher,50,,Clauncher,53,,Clauncher,62,,,
Clawitzer,1.3,,Clawitzer,35.3,,Clawitzer,71,,Clawitzer,73,,Clawitzer,88,,,
Claydol,1.5,,Claydol,108,,Claydol,60,,Claydol,70,,Claydol,105,,,
Clefable,1.3,,Clefable,40,,Clefable,95,,Clefable,70,,Clefable,73,,,
Clefairy,0.6,,Clefairy,7.5,,Clefairy,70,,Clefairy,45,,Clefairy,48,,,
Cleffa,0.3,,Cleffa,3,,Cleffa,50,,Cleffa,25,,Cleffa,28,,,
Clobbopus,0.6,,Clobbopus,4,,Clobbopus,50,,Clobbopus,68,,Clobbopus,60,,,
Clodsire,1.8,,Clodsire,223,,Clodsire,130,,Clodsire,75,,Clodsire,60,,,
Cloyster,1.5,,Cloyster,132.5,,Cloyster,50,,Cloyster,95,,Cloyster,180,,,
Coalossal,2.8,,Coalossal,310.5,,Coalossal,110,,Coalossal,80,,Coalossal,120,,,
Cobalion,2.1,,Cobalion,250,,Cobalion,91,,Cobalion,90,,Cobalion,129,,,
Cofagrigus,1.7,,Cofagrigus,76.5,,Cofagrigus,58,,Cofagrigus,50,,Cofagrigus,145,,,
Combee,0.3,,Combee,5.5,,Combee,30,,Combee,30,,Combee,42,,,
Combusken,0.9,,Combusken,19.5,,Combusken,60,,Combusken,85,,Combusken,60,,,
Comfey,0.1,,Comfey,0.3,,Comfey,51,,Comfey,52,,Comfey,90,,,
Conkeldurr,1.4,,Conkeldurr,87,,Conkeldurr,105,,Conkeldurr,140,,Conkeldurr,95,,,
Copperajah,3,,Copperajah,650,,Copperajah,122,,Copperajah,130,,Copperajah,69,,,
Corphish,0.6,,Corphish,11.5,,Corphish,43,,Corphish,80,,Corphish,65,,,
Corsola,0.6,,Corsola,5,,Corsola,65,,Corsola,55,,Corsola,95,,,
Corviknight,2.2,,Corviknight,75,,Corviknight,98,,Corviknight,87,,Corviknight,105,,,
Corvisquire,0.8,,Corvisquire,16,,Corvisquire,68,,Corvisquire,67,,Corvisquire,55,,,
Cosmoem,0.1,,Cosmoem,999.9,,Cosmoem,43,,Cosmoem,29,,Cosmoem,131,,,
Cosmog,0.2,,Cosmog,0.1,,Cosmog,43,,Cosmog,29,,Cosmog,31,,,
Cottonee,0.3,,Cottonee,0.6,,Cottonee,40,,Cottonee,27,,Cottonee,60,,,
Crabominable,1.7,,Crabominable,180,,Crabominable,97,,Crabominable,132,,Crabominable,77,,,
Crabrawler,0.6,,Crabrawler,7,,Crabrawler,47,,Crabrawler,82,,Crabrawler,57,,,
Cradily,1.5,,Cradily,60.4,,Cradily,86,,Cradily,81,,Cradily,97,,,
Cramorant,0.8,,Cramorant,18,,Cramorant,70,,Cramorant,85,,Cramorant,55,,,
Cranidos,0.9,,Cranidos,31.5,,Cranidos,67,,Cranidos,125,,Cranidos,40,,,
Crawdaunt,1.1,,Crawdaunt,32.8,,Crawdaunt,63,,Crawdaunt,120,,Crawdaunt,85,,,
Cresselia,1.5,,Cresselia,85.6,,Cresselia,120,,Cresselia,70,,Cresselia,110,,,
Croagunk,0.7,,Croagunk,23,,Croagunk,48,,Croagunk,61,,Croagunk,40,,,
Crobat,1.8,,Crobat,75,,Crobat,85,,Crobat,90,,Crobat,80,,,
Crocalor,1,,Crocalor,30.7,,Crocalor,81,,Crocalor,55,,Crocalor,78,,,
Croconaw,1.1,,Croconaw,25,,Croconaw,65,,Croconaw,80,,Croconaw,80,,,
Crustle,1.4,,Crustle,200,,Crustle,70,,Crustle,105,,Crustle,125,,,
Cryogonal,1.1,,Cryogonal,148,,Cryogonal,80,,Cryogonal,50,,Cryogonal,50,,,
Cubchoo,0.5,,Cubchoo,8.5,,Cubchoo,55,,Cubchoo,70,,Cubchoo,40,,,
Cubone,0.4,,Cubone,6.5,,Cubone,50,,Cubone,50,,Cubone,95,,,
Cufant,1.2,,Cufant,100,,Cufant,72,,Cufant,80,,Cufant,49,,,
Cursola,1,,Cursola,0.4,,Cursola,60,,Cursola,95,,Cursola,50,,,
Cutiefly,0.1,,Cutiefly,0.2,,Cutiefly,40,,Cutiefly,45,,Cutiefly,40,,,
Cyclizar,1.6,,Cyclizar,63,,Cyclizar,70,,Cyclizar,95,,Cyclizar,65,,,
Cyndaquil,0.5,,Cyndaquil,7.9,,Cyndaquil,39,,Cyndaquil,52,,Cyndaquil,43,,,
Dachsbun,0.5,,Dachsbun,14.9,,Dachsbun,57,,Dachsbun,80,,Dachsbun,115,,,
Darkrai,1.5,,Darkrai,50.5,,Darkrai,70,,Darkrai,90,,Darkrai,90,,,
Darmanitan,1.3,,Darmanitan,92.9,,Darmanitan,105,,Darmanitan,140,,Darmanitan,55,,,
Dartrix,0.7,,Dartrix,16,,Dartrix,78,,Dartrix,75,,Dartrix,75,,,
Darumaka,0.6,,Darumaka,37.5,,Darumaka,70,,Darumaka,90,,Darumaka,45,,,
Decidueye,1.6,,Decidueye,36.6,,Decidueye,78,,Decidueye,107,,Decidueye,75,,,
Dedenne,0.2,,Dedenne,2.2,,Dedenne,67,,Dedenne,58,,Dedenne,57,,,
Deerling,0.6,,Deerling,19.5,,Deerling,60,,Deerling,60,,Deerling,50,,,
Deino,0.8,,Deino,17.3,,Deino,52,,Deino,65,,Deino,50,,,
Delcatty,1.1,,Delcatty,32.6,,Delcatty,70,,Delcatty,65,,Delcatty,65,,,
Delibird,0.9,,Delibird,16,,Delibird,45,,Delibird,55,,Delibird,45,,,
Delphox,1.5,,Delphox,39,,Delphox,75,,Delphox,69,,Delphox,72,,,
Deoxys,1.7,,Deoxys,60.8,,Deoxys,50,,Deoxys,150,,Deoxys,50,,,
Dewgong,1.7,,Dewgong,120,,Dewgong,90,,Dewgong,70,,Dewgong,80,,,
Dewott,0.8,,Dewott,24.5,,Dewott,75,,Dewott,75,,Dewott,60,,,
Dewpider,0.3,,Dewpider,4,,Dewpider,38,,Dewpider,40,,Dewpider,52,,,
Dhelmise,3.9,,Dhelmise,210,,Dhelmise,70,,Dhelmise,131,,Dhelmise,100,,,
Dialga,5.4,,Dialga,683,,Dialga,100,,Dialga,120,,Dialga,120,,,
Diancie,0.7,,Diancie,8.8,,Diancie,50,,Diancie,100,,Diancie,150,,,
Diggersby,1,,Diggersby,42.4,,Diggersby,85,,Diggersby,56,,Diggersby,77,,,
Diglett,0.2,,Diglett,0.8,,Diglett,10,,Diglett,55,,Diglett,25,,,
Dipplin,0.4,,Dipplin,4.4,,Dipplin,80,,Dipplin,80,,Dipplin,110,,,
Ditto,0.3,,Ditto,4,,Ditto,48,,Ditto,48,,Ditto,48,,,
Dodrio,1.8,,Dodrio,85.2,,Dodrio,60,,Dodrio,110,,Dodrio,70,,,
Doduo,1.4,,Doduo,39.2,,Doduo,35,,Doduo,85,,Doduo,45,,,
Dolliv,0.6,,Dolliv,11.9,,Dolliv,52,,Dolliv,53,,Dolliv,60,,,
Dondozo,12,,Dondozo,220,,Dondozo,150,,Dondozo,100,,Dondozo,115,,,
Donphan,1.1,,Donphan,120,,Donphan,90,,Donphan,120,,Donphan,120,,,
Dottler,0.4,,Dottler,19.5,,Dottler,50,,Dottler,35,,Dottler,80,,,
Doublade,0.8,,Doublade,4.5,,Doublade,59,,Doublade,110,,Doublade,150,,,
Dracovish,2.3,,Dracovish,215,,Dracovish,90,,Dracovish,90,,Dracovish,100,,,
Dracozolt,1.8,,Dracozolt,190,,Dracozolt,90,,Dracozolt,100,,Dracozolt,90,,,
Dragalge,1.8,,Dragalge,81.5,,Dragalge,65,,Dragalge,75,,Dragalge,90,,,
Dragapult,3,,Dragapult,50,,Dragapult,88,,Dragapult,120,,Dragapult,75,,,
Dragonair,4,,Dragonair,16.5,,Dragonair,61,,Dragonair,84,,Dragonair,65,,,
Dragonite,2.2,,Dragonite,210,,Dragonite,91,,Dragonite,134,,Dragonite,95,,,
Drakloak,1.4,,Drakloak,11,,Drakloak,68,,Drakloak,80,,Drakloak,50,,,
Drampa,3,,Drampa,185,,Drampa,78,,Drampa,60,,Drampa,85,,,
Drapion,1.3,,Drapion,61.5,,Drapion,70,,Drapion,90,,Drapion,110,,,
Dratini,1.8,,Dratini,3.3,,Dratini,41,,Dratini,64,,Dratini,45,,,
Drednaw,1,,Drednaw,115.5,,Drednaw,90,,Drednaw,115,,Drednaw,90,,,
Dreepy,0.5,,Dreepy,2,,Dreepy,28,,Dreepy,60,,Dreepy,30,,,
Drifblim,1.2,,Drifblim,15,,Drifblim,150,,Drifblim,80,,Drifblim,44,,,
Drifloon,0.4,,Drifloon,1.2,,Drifloon,90,,Drifloon,50,,Drifloon,34,,,
Drilbur,0.3,,Drilbur,8.5,,Drilbur,60,,Drilbur,85,,Drilbur,40,,,
Drizzile,0.7,,Drizzile,11.5,,Drizzile,65,,Drizzile,60,,Drizzile,55,,,
Drowzee,1,,Drowzee,32.4,,Drowzee,60,,Drowzee,48,,Drowzee,45,,,
Druddigon,1.6,,Druddigon,139,,Druddigon,77,,Druddigon,120,,Druddigon,90,,,
Dubwool,1.3,,Dubwool,43,,Dubwool,72,,Dubwool,80,,Dubwool,100,,,
Ducklett,0.5,,Ducklett,5.5,,Ducklett,62,,Ducklett,44,,Ducklett,50,,,
Dudunsparce,3.6,,Dudunsparce,39.2,,Dudunsparce,125,,Dudunsparce,100,,Dudunsparce,80,,,
Dugtrio,0.7,,Dugtrio,33.3,,Dugtrio,35,,Dugtrio,100,,Dugtrio,50,,,
Dunsparce,1.5,,Dunsparce,14,,Dunsparce,100,,Dunsparce,70,,Dunsparce,70,,,
Duosion,0.6,,Duosion,8,,Duosion,65,,Duosion,40,,Duosion,50,,,
Duraludon,1.8,,Duraludon,40,,Duraludon,70,,Duraludon,95,,Duraludon,115,,,
Durant,0.3,,Durant,33,,Durant,58,,Durant,109,,Durant,112,,,
Dusclops,1.6,,Dusclops,30.6,,Dusclops,40,,Dusclops,70,,Dusclops,130,,,
Dusknoir,2.2,,Dusknoir,106.6,,Dusknoir,45,,Dusknoir,100,,Dusknoir,135,,,
Duskull,0.8,,Duskull,15,,Duskull,20,,Duskull,40,,Duskull,90,,,
Dustox,1.2,,Dustox,31.6,,Dustox,60,,Dustox,50,,Dustox,70,,,
Dwebble,0.3,,Dwebble,14.5,,Dwebble,50,,Dwebble,65,,Dwebble,85,,,
Eelektrik,1.2,,Eelektrik,22,,Eelektrik,65,,Eelektrik,85,,Eelektrik,70,,,
Eelektross,2.1,,Eelektross,80.5,,Eelektross,85,,Eelektross,115,,Eelektross,80,,,
Eevee,0.3,,Eevee,6.5,,Eevee,55,,Eevee,55,,Eevee,50,,,
Eiscue,1.4,,Eiscue,89,,Eiscue,75,,Eiscue,80,,Eiscue,110,,,
Ekans,2,,Ekans,6.9,,Ekans,35,,Ekans,60,,Ekans,44,,,
Eldegoss,0.5,,Eldegoss,2.5,,Eldegoss,60,,Eldegoss,50,,Eldegoss,90,,,
Electabuzz,1.1,,Electabuzz,30,,Electabuzz,65,,Electabuzz,83,,Electabuzz,57,,,
Electivire,1.8,,Electivire,138.6,,Electivire,75,,Electivire,123,,Electivire,67,,,
Electrike,0.6,,Electrike,15.2,,Electrike,40,,Electrike,45,,Electrike,40,,,
Electrode,1.2,,Electrode,66.6,,Electrode,60,,Electrode,50,,Electrode,70,,,
Elekid,0.6,,Elekid,23.5,,Elekid,45,,Elekid,63,,Elekid,37,,,
Elgyem,0.5,,Elgyem,9,,Elgyem,55,,Elgyem,55,,Elgyem,55,,,
Emboar,1.6,,Emboar,150,,Emboar,110,,Emboar,123,,Emboar,65,,,
Emolga,0.4,,Emolga,5,,Emolga,55,,Emolga,75,,Emolga,60,,,
Empoleon,1.7,,Empoleon,84.5,,Empoleon,84,,Empoleon,86,,Empoleon,88,,,
Enamorus,1.6,,Enamorus,48,,Enamorus,74,,Enamorus,115,,Enamorus,70,,,
Entei,2.1,,Entei,198,,Entei,115,,Entei,115,,Entei,85,,,
Escavalier,1,,Escavalier,33,,Escavalier,70,,Escavalier,135,,Escavalier,105,,,
Espathra,1.9,,Espathra,90,,Espathra,95,,Espathra,60,,Espathra,60,,,
Espeon,0.9,,Espeon,26.5,,Espeon,65,,Espeon,65,,Espeon,60,,,
Espurr,0.3,,Espurr,3.5,,Espurr,62,,Espurr,48,,Espurr,54,,,
Eternatus,20,,Eternatus,950,,Eternatus,140,,Eternatus,85,,Eternatus,95,,,
Excadrill,0.7,,Excadrill,40.4,,Excadrill,110,,Excadrill,135,,Excadrill,60,,,
Exeggcute,0.4,,Exeggcute,2.5,,Exeggcute,60,,Exeggcute,40,,Exeggcute,80,,,
Exeggutor,2,,Exeggutor,120,,Exeggutor,95,,Exeggutor,95,,Exeggutor,85,,,
Exploud,1.5,,Exploud,84,,Exploud,104,,Exploud,91,,Exploud,63,,,
Falinks,3,,Falinks,62,,Falinks,65,,Falinks,100,,Falinks,100,,,
Farfetch'd,0.8,,Farfetch'd,15,,Farfetch'd,52,,Farfetch'd,90,,Farfetch'd,55,,,
Farigiraf,3.2,,Farigiraf,160,,Farigiraf,120,,Farigiraf,90,,Farigiraf,70,,,
Fearow,1.2,,Fearow,38,,Fearow,65,,Fearow,90,,Fearow,65,,,
Feebas,0.6,,Feebas,7.4,,Feebas,20,,Feebas,15,,Feebas,20,,,
Fennekin,0.4,,Fennekin,9.4,,Fennekin,40,,Fennekin,45,,Fennekin,40,,,
Feraligatr,2.3,,Feraligatr,88.8,,Feraligatr,85,,Feraligatr,105,,Feraligatr,100,,,
Ferroseed,0.6,,Ferroseed,18.8,,Ferroseed,44,,Ferroseed,50,,Ferroseed,91,,,
Ferrothorn,1,,Ferrothorn,110,,Ferrothorn,74,,Ferrothorn,94,,Ferrothorn,131,,,
Fezandipiti,1.4,,Fezandipiti,30.1,,Fezandipiti,88,,Fezandipiti,91,,Fezandipiti,82,,,
Fidough,0.3,,Fidough,10.9,,Fidough,37,,Fidough,55,,Fidough,70,,,
Finizen,1.3,,Finizen,60.2,,Finizen,70,,Finizen,45,,Finizen,40,,,
Finneon,0.4,,Finneon,7,,Finneon,49,,Finneon,49,,Finneon,56,,,
Flaaffy,0.8,,Flaaffy,13.3,,Flaaffy,70,,Flaaffy,55,,Flaaffy,55,,,
Flabébé,0.1,,Flabébé,0.1,,Flabébé,44,,Flabébé,38,,Flabébé,39,,,
Flamigo,1.6,,Flamigo,37,,Flamigo,82,,Flamigo,115,,Flamigo,74,,,
Flapple,0.3,,Flapple,1,,Flapple,70,,Flapple,110,,Flapple,80,,,
Flareon,0.9,,Flareon,25,,Flareon,65,,Flareon,130,,Flareon,60,,,
Fletchinder,0.7,,Fletchinder,16,,Fletchinder,62,,Fletchinder,73,,Fletchinder,55,,,
Fletchling,0.3,,Fletchling,1.7,,Fletchling,45,,Fletchling,50,,Fletchling,43,,,
Flittle,0.2,,Flittle,1.5,,Flittle,30,,Flittle,35,,Flittle,30,,,
Floatzel,1.1,,Floatzel,33.5,,Floatzel,85,,Floatzel,105,,Floatzel,55,,,
Floette,0.2,,Floette,0.9,,Floette,54,,Floette,45,,Floette,47,,,
Floragato,0.9,,Floragato,12.2,,Floragato,61,,Floragato,80,,Floragato,63,,,
Florges,1.1,,Florges,10,,Florges,78,,Florges,65,,Florges,68,,,
Flutter Mane,1.4,,Flutter Mane,4,,Flutter Mane,55,,Flutter Mane,55,,Flutter Mane,55,,,
Flygon,2,,Flygon,82,,Flygon,80,,Flygon,100,,Flygon,80,,,
Fomantis,0.3,,Fomantis,1.5,,Fomantis,40,,Fomantis,55,,Fomantis,35,,,
Foongus,0.2,,Foongus,1,,Foongus,69,,Foongus,55,,Foongus,45,,,
Forretress,1.2,,Forretress,125.8,,Forretress,75,,Forretress,90,,Forretress,140,,,
Fraxure,1,,Fraxure,36,,Fraxure,66,,Fraxure,117,,Fraxure,70,,,
Frigibax,0.5,,Frigibax,17,,Frigibax,65,,Frigibax,75,,Frigibax,45,,,
Frillish,1.2,,Frillish,33,,Frillish,55,,Frillish,40,,Frillish,50,,,
Froakie,0.3,,Froakie,7,,Froakie,41,,Froakie,56,,Froakie,40,,,
Frogadier,0.6,,Frogadier,10.9,,Frogadier,54,,Frogadier,63,,Frogadier,52,,,
Froslass,1.3,,Froslass,26.6,,Froslass,70,,Froslass,80,,Froslass,70,,,
Frosmoth,1.3,,Frosmoth,42,,Frosmoth,70,,Frosmoth,65,,Frosmoth,60,,,
Fuecoco,0.4,,Fuecoco,9.8,,Fuecoco,67,,Fuecoco,45,,Fuecoco,59,,,
Furfrou,1.2,,Furfrou,28,,Furfrou,75,,Furfrou,80,,Furfrou,60,,,
Furret,1.8,,Furret,32.5,,Furret,85,,Furret,76,,Furret,64,,,
Gabite,1.4,,Gabite,56,,Gabite,68,,Gabite,90,,Gabite,65,,,
Gallade,1.6,,Gallade,52,,Gallade,68,,Gallade,125,,Gallade,65,,,
Galvantula,0.8,,Galvantula,14.3,,Galvantula,70,,Galvantula,77,,Galvantula,60,,,
Garbodor,1.9,,Garbodor,107.3,,Garbodor,80,,Garbodor,95,,Garbodor,82,,,
Garchomp,1.9,,Garchomp,95,,Garchomp,108,,Garchomp,130,,Garchomp,95,,,
Gardevoir,1.6,,Gardevoir,48.4,,Gardevoir,68,,Gardevoir,65,,Gardevoir,65,,,
Garganacl,2.3,,Garganacl,240,,Garganacl,100,,Garganacl,100,,Garganacl,130,,,
Gastly,1.3,,Gastly,0.1,,Gastly,30,,Gastly,35,,Gastly,30,,,
Gastrodon,0.9,,Gastrodon,29.9,,Gastrodon,111,,Gastrodon,83,,Gastrodon,68,,,
Genesect,1.5,,Genesect,82.5,,Genesect,71,,Genesect,120,,Genesect,95,,,
Gengar,1.5,,Gengar,40.5,,Gengar,60,,Gengar,65,,Gengar,60,,,
Geodude,0.4,,Geodude,20,,Geodude,40,,Geodude,80,,Geodude,100,,,
Gholdengo,1.2,,Gholdengo,30,,Gholdengo,87,,Gholdengo,60,,Gholdengo,95,,,
Gible,0.7,,Gible,20.5,,Gible,58,,Gible,70,,Gible,45,,,
Gigalith,1.7,,Gigalith,260,,Gigalith,85,,Gigalith,135,,Gigalith,130,,,
Gimmighoul,0.3,,Gimmighoul,5,,Gimmighoul,45,,Gimmighoul,30,,Gimmighoul,70,,,
Girafarig,1.5,,Girafarig,41.5,,Girafarig,70,,Girafarig,80,,Girafarig,65,,,
Giratina,4.5,,Giratina,750,,Giratina,150,,Giratina,100,,Giratina,120,,,
Glaceon,0.8,,Glaceon,25.9,,Glaceon,65,,Glaceon,60,,Glaceon,110,,,
Glalie,1.5,,Glalie,256.5,,Glalie,80,,Glalie,80,,Glalie,80,,,
Glameow,0.5,,Glameow,3.9,,Glameow,49,,Glameow,55,,Glameow,42,,,
Glastrier,2.2,,Glastrier,800,,Glastrier,100,,Glastrier,145,,Glastrier,130,,,
Gligar,1.1,,Gligar,64.8,,Gligar,65,,Gligar,75,,Gligar,105,,,
Glimmet,0.7,,Glimmet,8,,Glimmet,48,,Glimmet,35,,Glimmet,42,,,
Glimmora,1.5,,Glimmora,45,,Glimmora,83,,Glimmora,55,,Glimmora,90,,,
Gliscor,2,,Gliscor,42.5,,Gliscor,75,,Gliscor,95,,Gliscor,125,,,
Gloom,0.8,,Gloom,8.6,,Gloom,60,,Gloom,65,,Gloom,70,,,
Gogoat,1.7,,Gogoat,91,,Gogoat,123,,Gogoat,100,,Gogoat,62,,,
Golbat,1.6,,Golbat,55,,Golbat,75,,Golbat,80,,Golbat,70,,,
Goldeen,0.6,,Goldeen,15,,Goldeen,45,,Goldeen,67,,Goldeen,60,,,
Golduck,1.7,,Golduck,76.6,,Golduck,80,,Golduck,82,,Golduck,78,,,
Golem,1.4,,Golem,300,,Golem,80,,Golem,120,,Golem,130,,,
Golett,1,,Golett,92,,Golett,59,,Golett,74,,Golett,50,,,
Golisopod,2,,Golisopod,108,,Golisopod,75,,Golisopod,125,,Golisopod,140,,,
Golurk,2.8,,Golurk,330,,Golurk,89,,Golurk,124,,Golurk,80,,,
Goodra,2,,Goodra,150.5,,Goodra,90,,Goodra,100,,Goodra,70,,,
Goomy,0.3,,Goomy,2.8,,Goomy,45,,Goomy,50,,Goomy,35,,,
Gorebyss,1.8,,Gorebyss,22.6,,Gorebyss,55,,Gorebyss,84,,Gorebyss,105,,,
Gossifleur,0.4,,Gossifleur,2.2,,Gossifleur,40,,Gossifleur,40,,Gossifleur,60,,,
Gothita,0.4,,Gothita,5.8,,Gothita,45,,Gothita,30,,Gothita,50,,,
Gothitelle,1.5,,Gothitelle,44,,Gothitelle,70,,Gothitelle,55,,Gothitelle,95,,,
Gothorita,0.7,,Gothorita,18,,Gothorita,60,,Gothorita,45,,Gothorita,70,,,
Gouging Fire,3.5,,Gouging Fire,590,,Gouging Fire,105,,Gouging Fire,115,,Gouging Fire,121,,,
Gourgeist,0.9,,Gourgeist,12.5,,Gourgeist,65,,Gourgeist,90,,Gourgeist,122,,,
Grafaiai,0.7,,Grafaiai,27.2,,Grafaiai,63,,Grafaiai,95,,Grafaiai,65,,,
Granbull,1.4,,Granbull,48.7,,Granbull,90,,Granbull,120,,Granbull,75,,,
Grapploct,1.6,,Grapploct,39,,Grapploct,80,,Grapploct,118,,Grapploct,90,,,
Graveler,1,,Graveler,105,,Graveler,55,,Graveler,95,,Graveler,115,,,
Great Tusk,2.2,,Great Tusk,320,,Great Tusk,115,,Great Tusk,131,,Great Tusk,131,,,
Greavard,0.6,,Greavard,35,,Greavard,50,,Greavard,61,,Greavard,60,,,
Greedent,0.6,,Greedent,6,,Greedent,120,,Greedent,95,,Greedent,95,,,
Greninja,1.5,,Greninja,40,,Greninja,72,,Greninja,95,,Greninja,67,,,
Grimer,0.9,,Grimer,30,,Grimer,80,,Grimer,80,,Grimer,50,,,
Grimmsnarl,1.5,,Grimmsnarl,61,,Grimmsnarl,95,,Grimmsnarl,120,,Grimmsnarl,65,,,
Grookey,0.3,,Grookey,5,,Grookey,50,,Grookey,65,,Grookey,50,,,
Grotle,1.1,,Grotle,97,,Grotle,75,,Grotle,89,,Grotle,85,,,
Groudon,3.5,,Groudon,950,,Groudon,100,,Groudon,150,,Groudon,140,,,
Grovyle,0.9,,Grovyle,21.6,,Grovyle,50,,Grovyle,65,,Grovyle,45,,,
Growlithe,0.7,,Growlithe,19,,Growlithe,55,,Growlithe,70,,Growlithe,45,,,
Grubbin,0.4,,Grubbin,4.4,,Grubbin,47,,Grubbin,62,,Grubbin,45,,,
Grumpig,0.9,,Grumpig,71.5,,Grumpig,80,,Grumpig,45,,Grumpig,65,,,
Gulpin,0.4,,Gulpin,10.3,,Gulpin,70,,Gulpin,43,,Gulpin,53,,,
Gumshoos,0.7,,Gumshoos,14.2,,Gumshoos,88,,Gumshoos,110,,Gumshoos,60,,,
Gurdurr,1.2,,Gurdurr,40,,Gurdurr,85,,Gurdurr,105,,Gurdurr,85,,,
Guzzlord,5.5,,Guzzlord,888,,Guzzlord,223,,Guzzlord,101,,Guzzlord,53,,,
Gyarados,6.5,,Gyarados,235,,Gyarados,95,,Gyarados,125,,Gyarados,79,,,
Hakamo-o,1.2,,Hakamo-o,47,,Hakamo-o,55,,Hakamo-o,75,,Hakamo-o,90,,,
Happiny,0.6,,Happiny,24.4,,Happiny,100,,Happiny,5,,Happiny,5,,,
Hariyama,2.3,,Hariyama,253.8,,Hariyama,144,,Hariyama,120,,Hariyama,60,,,
Hatenna,0.4,,Hatenna,3.4,,Hatenna,42,,Hatenna,30,,Hatenna,45,,,
Hatterene,2.1,,Hatterene,5.1,,Hatterene,57,,Hatterene,90,,Hatterene,95,,,
Hattrem,0.6,,Hattrem,4.8,,Hattrem,57,,Hattrem,40,,Hattrem,65,,,
Haunter,1.6,,Haunter,0.1,,Haunter,45,,Haunter,50,,Haunter,45,,,
Hawlucha,0.8,,Hawlucha,21.5,,Hawlucha,78,,Hawlucha,92,,Hawlucha,75,,,
Haxorus,1.8,,Haxorus,105.5,,Haxorus,76,,Haxorus,147,,Haxorus,90,,,
Heatmor,1.4,,Heatmor,58,,Heatmor,85,,Heatmor,97,,Heatmor,66,,,
Heatran,1.7,,Heatran,430,,Heatran,91,,Heatran,90,,Heatran,106,,,
Heliolisk,1,,Heliolisk,21,,Heliolisk,62,,Heliolisk,55,,Heliolisk,52,,,
Helioptile,0.5,,Helioptile,6,,Helioptile,44,,Helioptile,38,,Helioptile,33,,,
Heracross,1.5,,Heracross,54,,Heracross,80,,Heracross,125,,Heracross,75,,,
Herdier,0.9,,Herdier,14.7,,Herdier,65,,Herdier,80,,Herdier,65,,,
Hippopotas,0.8,,Hippopotas,49.5,,Hippopotas,68,,Hippopotas,72,,Hippopotas,78,,,
Hippowdon,2,,Hippowdon,300,,Hippowdon,108,,Hippowdon,112,,Hippowdon,118,,,
Hitmonchan,1.4,,Hitmonchan,50.2,,Hitmonchan,50,,Hitmonchan,105,,Hitmonchan,79,,,
Hitmonlee,1.5,,Hitmonlee,49.8,,Hitmonlee,50,,Hitmonlee,120,,Hitmonlee,53,,,
Hitmontop,1.4,,Hitmontop,48,,Hitmontop,50,,Hitmontop,95,,Hitmontop,95,,,
Honchkrow,0.9,,Honchkrow,27.3,,Honchkrow,100,,Honchkrow,125,,Honchkrow,52,,,
Honedge,0.8,,Honedge,2,,Honedge,45,,Honedge,80,,Honedge,100,,,
Ho-oh,3.8,,Ho-oh,199,,Ho-oh,106,,Ho-oh,130,,Ho-oh,90,,,
Hoopa,0.5,,Hoopa,9,,Hoopa,80,,Hoopa,110,,Hoopa,60,,,
Hoothoot,0.7,,Hoothoot,21.2,,Hoothoot,60,,Hoothoot,30,,Hoothoot,30,,,
Hoppip,0.4,,Hoppip,0.5,,Hoppip,35,,Hoppip,35,,Hoppip,40,,,
Horsea,0.4,,Horsea,8,,Horsea,30,,Horsea,40,,Horsea,70,,,
Houndoom,1.4,,Houndoom,35,,Houndoom,75,,Houndoom,90,,Houndoom,50,,,
Houndour,0.6,,Houndour,10.8,,Houndour,45,,Houndour,60,,Houndour,30,,,
Houndstone,2,,Houndstone,15,,Houndstone,72,,Houndstone,101,,Houndstone,100,,,
Huntail,1.7,,Huntail,27,,Huntail,55,,Huntail,104,,Huntail,105,,,
Hydrapple,1.8,,Hydrapple,93,,Hydrapple,106,,Hydrapple,80,,Hydrapple,110,,,
Hydreigon,1.8,,Hydreigon,160,,Hydreigon,92,,Hydreigon,105,,Hydreigon,90,,,
Hypno,1.6,,Hypno,75.6,,Hypno,85,,Hypno,73,,Hypno,70,,,
Igglybuff,0.3,,Igglybuff,1,,Igglybuff,90,,Igglybuff,30,,Igglybuff,15,,,
Illumise,0.6,,Illumise,17.7,,Illumise,65,,Illumise,47,,Illumise,75,,,
Impidimp,0.4,,Impidimp,5.5,,Impidimp,45,,Impidimp,45,,Impidimp,30,,,
Incineroar,1.8,,Incineroar,83,,Incineroar,95,,Incineroar,115,,Incineroar,90,,,
Indeedee,0.9,,Indeedee,28,,Indeedee,60,,Indeedee,65,,Indeedee,55,,,
Infernape,1.2,,Infernape,55,,Infernape,76,,Infernape,104,,Infernape,71,,,
Inkay,0.4,,Inkay,3.5,,Inkay,53,,Inkay,54,,Inkay,53,,,
Inteleon,1.9,,Inteleon,45.2,,Inteleon,70,,Inteleon,85,,Inteleon,65,,,
Iron Boulder,1.5,,Iron Boulder,162.5,,Iron Boulder,90,,Iron Boulder,120,,Iron Boulder,80,,,
Iron Bundle,0.6,,Iron Bundle,11,,Iron Bundle,56,,Iron Bundle,80,,Iron Bundle,114,,,
Iron Crown,1.6,,Iron Crown,156,,Iron Crown,90,,Iron Crown,72,,Iron Crown,100,,,
Iron Hands,1.8,,Iron Hands,380.7,,Iron Hands,154,,Iron Hands,140,,Iron Hands,108,,,
Iron Jugulis,1.3,,Iron Jugulis,111,,Iron Jugulis,94,,Iron Jugulis,80,,Iron Jugulis,86,,,
Iron Leaves,1.5,,Iron Leaves,125,,Iron Leaves,90,,Iron Leaves,130,,Iron Leaves,88,,,
Iron Moth,1.2,,Iron Moth,36,,Iron Moth,80,,Iron Moth,70,,Iron Moth,60,,,
Iron Thorns,1.6,,Iron Thorns,303,,Iron Thorns,100,,Iron Thorns,134,,Iron Thorns,110,,,
Iron Treads,0.9,,Iron Treads,240,,Iron Treads,90,,Iron Treads,112,,Iron Treads,120,,,
Iron Valiant,1.4,,Iron Valiant,35,,Iron Valiant,74,,Iron Valiant,130,,Iron Valiant,90,,,
Ivysaur,1,,Ivysaur,13,,Ivysaur,60,,Ivysaur,62,,Ivysaur,63,,,
Jangmo-o,0.6,,Jangmo-o,29.7,,Jangmo-o,45,,Jangmo-o,55,,Jangmo-o,65,,,
Jellicent,2.2,,Jellicent,135,,Jellicent,100,,Jellicent,60,,Jellicent,70,,,
Jigglypuff,0.5,,Jigglypuff,5.5,,Jigglypuff,115,,Jigglypuff,45,,Jigglypuff,20,,,
Jirachi,0.3,,Jirachi,1.1,,Jirachi,100,,Jirachi,100,,Jirachi,100,,,
Jolteon,0.8,,Jolteon,24.5,,Jolteon,65,,Jolteon,65,,Jolteon,60,,,
Joltik,0.1,,Joltik,0.6,,Joltik,50,,Joltik,47,,Joltik,50,,,
Jumpluff,0.8,,Jumpluff,3,,Jumpluff,75,,Jumpluff,55,,Jumpluff,70,,,
Jynx,1.4,,Jynx,40.6,,Jynx,65,,Jynx,50,,Jynx,35,,,
Kabuto,0.5,,Kabuto,11.5,,Kabuto,30,,Kabuto,80,,Kabuto,90,,,
Kabutops,1.3,,Kabutops,40.5,,Kabutops,60,,Kabutops,115,,Kabutops,105,,,
Kadabra,1.3,,Kadabra,56.5,,Kadabra,40,,Kadabra,35,,Kadabra,30,,,
Kakuna,0.6,,Kakuna,10,,Kakuna,45,,Kakuna,25,,Kakuna,50,,,
Kangaskhan,2.2,,Kangaskhan,80,,Kangaskhan,105,,Kangaskhan,95,,Kangaskhan,80,,,
Karrablast,0.5,,Karrablast,5.9,,Karrablast,50,,Karrablast,75,,Karrablast,45,,,
Kartana,0.3,,Kartana,0.1,,Kartana,59,,Kartana,181,,Kartana,131,,,
Kecleon,1,,Kecleon,22,,Kecleon,60,,Kecleon,90,,Kecleon,70,,,
Keldeo,1.4,,Keldeo,48.5,,Keldeo,91,,Keldeo,72,,Keldeo,90,,,
Kilowattrel,1.4,,Kilowattrel,38.6,,Kilowattrel,70,,Kilowattrel,70,,Kilowattrel,60,,,
Kingambit,2,,Kingambit,120,,Kingambit,100,,Kingambit,135,,Kingambit,120,,,
Kingdra,1.8,,Kingdra,152,,Kingdra,75,,Kingdra,95,,Kingdra,95,,,
Kingler,1.3,,Kingler,60,,Kingler,55,,Kingler,130,,Kingler,115,,,
Kirlia,0.8,,Kirlia,20.2,,Kirlia,38,,Kirlia,35,,Kirlia,35,,,
Klang,0.6,,Klang,51,,Klang,60,,Klang,80,,Klang,95,,,
Klawf,1.3,,Klawf,79,,Klawf,70,,Klawf,100,,Klawf,115,,,
Kleavor,1.8,,Kleavor,89,,Kleavor,70,,Kleavor,135,,Kleavor,95,,,
Klefki,0.2,,Klefki,3,,Klefki,57,,Klefki,80,,Klefki,91,,,
Klink,0.3,,Klink,21,,Klink,40,,Klink,55,,Klink,70,,,
Klinklang,0.6,,Klinklang,81,,Klinklang,60,,Klinklang,100,,Klinklang,115,,,
Koffing,0.6,,Koffing,1,,Koffing,40,,Koffing,65,,Koffing,95,,,
Komala,0.4,,Komala,19.9,,Komala,65,,Komala,115,,Komala,65,,,
Kommo-o,1.6,,Kommo-o,78.2,,Kommo-o,75,,Kommo-o,110,,Kommo-o,125,,,
Koraidon,2.5,,Koraidon,303,,Koraidon,100,,Koraidon,135,,Koraidon,115,,,
Krabby,0.4,,Krabby,6.5,,Krabby,30,,Krabby,105,,Krabby,90,,,
Kricketot,0.3,,Kricketot,2.2,,Kricketot,37,,Kricketot,25,,Kricketot,41,,,
Kricketune,1,,Kricketune,25.5,,Kricketune,77,,Kricketune,85,,Kricketune,51,,,
Krokorok,1,,Krokorok,33.4,,Krokorok,60,,Krokorok,82,,Krokorok,45,,,
Krookodile,1.5,,Krookodile,96.3,,Krookodile,95,,Krookodile,117,,Krookodile,80,,,
Kubfu,0.6,,Kubfu,12,,Kubfu,60,,Kubfu,90,,Kubfu,60,,,
Kyogre,4.5,,Kyogre,352,,Kyogre,100,,Kyogre,100,,Kyogre,90,,,
Kyurem,3,,Kyurem,325,,Kyurem,125,,Kyurem,130,,Kyurem,90,,,
Lairon,0.9,,Lairon,120,,Lairon,60,,Lairon,90,,Lairon,140,,,
Lampent,0.6,,Lampent,13,,Lampent,60,,Lampent,40,,Lampent,60,,,
Landorus,1.5,,Landorus,68,,Landorus,89,,Landorus,125,,Landorus,90,,,
Lanturn,1.2,,Lanturn,22.5,,Lanturn,125,,Lanturn,58,,Lanturn,58,,,
Lapras,2.5,,Lapras,220,,Lapras,130,,Lapras,85,,Lapras,80,,,
Larvesta,1.1,,Larvesta,28.8,,Larvesta,55,,Larvesta,85,,Larvesta,55,,,
Larvitar,0.6,,Larvitar,72,,Larvitar,50,,Larvitar,64,,Larvitar,50,,,
Latias,1.4,,Latias,40,,Latias,80,,Latias,80,,Latias,90,,,
Latios,2,,Latios,60,,Latios,80,,Latios,90,,Latios,80,,,
Leafeon,1,,Leafeon,25.5,,Leafeon,65,,Leafeon,110,,Leafeon,130,,,
Leavanny,1.2,,Leavanny,20.5,,Leavanny,75,,Leavanny,103,,Leavanny,80,,,
Lechonk,0.5,,Lechonk,10.2,,Lechonk,54,,Lechonk,45,,Lechonk,40,,,
Ledian,1.4,,Ledian,35.6,,Ledian,55,,Ledian,35,,Ledian,50,,,
Ledyba,1,,Ledyba,10.8,,Ledyba,40,,Ledyba,20,,Ledyba,30,,,
Lickilicky,1.7,,Lickilicky,140,,Lickilicky,110,,Lickilicky,85,,Lickilicky,95,,,
Lickitung,1.2,,Lickitung,65.5,,Lickitung,90,,Lickitung,55,,Lickitung,75,,,
Liepard,1.1,,Liepard,37.5,,Liepard,64,,Liepard,88,,Liepard,50,,,
Lileep,1,,Lileep,23.8,,Lileep,66,,Lileep,41,,Lileep,77,,,
Lilligant,1.1,,Lilligant,16.3,,Lilligant,70,,Lilligant,60,,Lilligant,75,,,
Lillipup,0.4,,Lillipup,4.1,,Lillipup,45,,Lillipup,60,,Lillipup,45,,,
Linoone,0.5,,Linoone,32.5,,Linoone,78,,Linoone,70,,Linoone,61,,,
Litleo,0.6,,Litleo,13.5,,Litleo,62,,Litleo,50,,Litleo,58,,,
Litten,0.4,,Litten,4.3,,Litten,45,,Litten,65,,Litten,40,,,
Litwick,0.3,,Litwick,3.1,,Litwick,50,,Litwick,30,,Litwick,55,,,
Lokix,1,,Lokix,17.5,,Lokix,71,,Lokix,102,,Lokix,78,,,
Lombre,1.2,,Lombre,32.5,,Lombre,60,,Lombre,50,,Lombre,50,,,
Lopunny,1.2,,Lopunny,33.3,,Lopunny,65,,Lopunny,76,,Lopunny,84,,,
Lotad,0.5,,Lotad,2.6,,Lotad,40,,Lotad,30,,Lotad,30,,,
Loudred,1,,Loudred,40.5,,Loudred,84,,Loudred,71,,Loudred,43,,,
Lucario,1.2,,Lucario,54,,Lucario,70,,Lucario,110,,Lucario,70,,,
Ludicolo,1.5,,Ludicolo,55,,Ludicolo,80,,Ludicolo,70,,Ludicolo,70,,,
Lugia,5.2,,Lugia,216,,Lugia,106,,Lugia,90,,Lugia,130,,,
Lumineon,1.2,,Lumineon,24,,Lumineon,69,,Lumineon,69,,Lumineon,76,,,
Lunala,4,,Lunala,120,,Lunala,137,,Lunala,113,,Lunala,89,,,
Lunatone,1,,Lunatone,168,,Lunatone,90,,Lunatone,55,,Lunatone,65,,,
Lurantis,0.9,,Lurantis,18.5,,Lurantis,70,,Lurantis,105,,Lurantis,90,,,
Luvdisc,0.6,,Luvdisc,8.7,,Luvdisc,43,,Luvdisc,30,,Luvdisc,55,,,
Luxio,0.9,,Luxio,30.5,,Luxio,60,,Luxio,85,,Luxio,49,,,
Luxray,1.4,,Luxray,42,,Luxray,80,,Luxray,120,,Luxray,79,,,
Lycanroc,0.8,,Lycanroc,25,,Lycanroc,75,,Lycanroc,115,,Lycanroc,65,,,
Mabosstiff,1.1,,Mabosstiff,61,,Mabosstiff,80,,Mabosstiff,120,,Mabosstiff,90,,,
Machamp,1.6,,Machamp,130,,Machamp,90,,Machamp,130,,Machamp,80,,,
Machoke,1.5,,Machoke,70.5,,Machoke,80,,Machoke,100,,Machoke,70,,,
Machop,0.8,,Machop,19.5,,Machop,70,,Machop,80,,Machop,50,,,
Magby,0.7,,Magby,21.4,,Magby,45,,Magby,75,,Magby,37,,,
Magcargo,0.8,,Magcargo,55,,Magcargo,60,,Magcargo,50,,Magcargo,120,,,
Magearna,1,,Magearna,80.5,,Magearna,80,,Magearna,95,,Magearna,115,,,
Magikarp,0.9,,Magikarp,10,,Magikarp,20,,Magikarp,10,,Magikarp,55,,,
Magmar,1.3,,Magmar,44.5,,Magmar,65,,Magmar,95,,Magmar,57,,,
Magmortar,1.6,,Magmortar,68,,Magmortar,75,,Magmortar,95,,Magmortar,67,,,
Magnemite,0.3,,Magnemite,6,,Magnemite,25,,Magnemite,35,,Magnemite,70,,,
Magneton,1,,Magneton,60,,Magneton,50,,Magneton,60,,Magneton,95,,,
Magnezone,1.2,,Magnezone,180,,Magnezone,70,,Magnezone,70,,Magnezone,115,,,
Makuhita,1,,Makuhita,86.4,,Makuhita,72,,Makuhita,60,,Makuhita,30,,,
Malamar,1.5,,Malamar,47,,Malamar,86,,Malamar,92,,Malamar,88,,,
Mamoswine,2.5,,Mamoswine,291,,Mamoswine,110,,Mamoswine,130,,Mamoswine,80,,,
Manaphy,0.3,,Manaphy,1.4,,Manaphy,100,,Manaphy,100,,Manaphy,100,,,
Mandibuzz,1.2,,Mandibuzz,39.5,,Mandibuzz,110,,Mandibuzz,65,,Mandibuzz,105,,,
Manectric,1.5,,Manectric,40.2,,Manectric,70,,Manectric,75,,Manectric,60,,,
Mankey,0.5,,Mankey,28,,Mankey,40,,Mankey,80,,Mankey,35,,,
Mantine,2.1,,Mantine,220,,Mantine,85,,Mantine,40,,Mantine,70,,,
Mantyke,1,,Mantyke,65,,Mantyke,45,,Mantyke,20,,Mantyke,50,,,
Maractus,1,,Maractus,28,,Maractus,75,,Maractus,86,,Maractus,67,,,
Mareanie,0.4,,Mareanie,8,,Mareanie,50,,Mareanie,53,,Mareanie,62,,,
Mareep,0.6,,Mareep,7.8,,Mareep,55,,Mareep,40,,Mareep,40,,,
Marill,0.4,,Marill,8.5,,Marill,70,,Marill,20,,Marill,50,,,
Marowak,1,,Marowak,45,,Marowak,60,,Marowak,80,,Marowak,110,,,
Marshadow,0.7,,Marshadow,22.2,,Marshadow,90,,Marshadow,125,,Marshadow,80,,,
Marshtomp,0.7,,Marshtomp,28,,Marshtomp,70,,Marshtomp,85,,Marshtomp,70,,,
Maschiff,0.5,,Maschiff,16,,Maschiff,60,,Maschiff,78,,Maschiff,60,,,
Masquerain,0.8,,Masquerain,3.6,,Masquerain,70,,Masquerain,60,,Masquerain,62,,,
Maushold,0.3,,Maushold,2.8,,Maushold,74,,Maushold,75,,Maushold,70,,,
Mawile,0.6,,Mawile,11.5,,Mawile,50,,Mawile,85,,Mawile,85,,,
Medicham,1.3,,Medicham,31.5,,Medicham,60,,Medicham,60,,Medicham,75,,,
Meditite,0.6,,Meditite,11.2,,Meditite,30,,Meditite,40,,Meditite,55,,,
Meganium,1.8,,Meganium,100.5,,Meganium,80,,Meganium,82,,Meganium,100,,,
Melmetal,2.5,,Melmetal,800,,Melmetal,135,,Melmetal,143,,Melmetal,143,,,
Meloetta,0.6,,Meloetta,6.5,,Meloetta,100,,Meloetta,77,,Meloetta,77,,,
Meltan,0.2,,Meltan,8,,Meltan,46,,Meltan,65,,Meltan,65,,,
Meowscarada,1.5,,Meowscarada,31.2,,Meowscarada,76,,Meowscarada,110,,Meowscarada,70,,,
Meowstic,0.6,,Meowstic,8.5,,Meowstic,74,,Meowstic,48,,Meowstic,76,,,
Meowth,0.4,,Meowth,4.2,,Meowth,40,,Meowth,45,,Meowth,35,,,
Mesprit,0.3,,Mesprit,0.3,,Mesprit,80,,Mesprit,105,,Mesprit,105,,,
Metagross,1.6,,Metagross,550,,Metagross,80,,Metagross,135,,Metagross,130,,,
Metang,1.2,,Metang,202.5,,Metang,60,,Metang,75,,Metang,100,,,
Metapod,0.7,,Metapod,9.9,,Metapod,50,,Metapod,20,,Metapod,55,,,
Mew,0.4,,Mew,4,,Mew,100,,Mew,100,,Mew,100,,,
Mewtwo,2,,Mewtwo,122,,Mewtwo,106,,Mewtwo,110,,Mewtwo,90,,,
Mienfoo,0.9,,Mienfoo,20,,Mienfoo,45,,Mienfoo,85,,Mienfoo,50,,,
Mienshao,1.4,,Mienshao,35.5,,Mienshao,65,,Mienshao,125,,Mienshao,60,,,
Mightyena,1,,Mightyena,37,,Mightyena,70,,Mightyena,90,,Mightyena,70,,,
Milcery,0.2,,Milcery,0.3,,Milcery,45,,Milcery,40,,Milcery,40,,,
Milotic,6.2,,Milotic,162,,Milotic,95,,Milotic,60,,Milotic,79,,,
Miltank,1.2,,Miltank,75.5,,Miltank,95,,Miltank,80,,Miltank,105,,,
Mime Jr.,0.6,,Mime Jr.,13,,Mime Jr.,20,,Mime Jr.,25,,Mime Jr.,45,,,
Mimikyu,0.2,,Mimikyu,0.7,,Mimikyu,55,,Mimikyu,90,,Mimikyu,80,,,
Minccino,0.4,,Minccino,5.8,,Minccino,55,,Minccino,50,,Minccino,40,,,
Minior,0.3,,Minior,40,,Minior,60,,Minior,60,,Minior,100,,,
Minun,0.4,,Minun,4.2,,Minun,60,,Minun,40,,Minun,50,,,
Miraidon,3.5,,Miraidon,240,,Miraidon,100,,Miraidon,85,,Miraidon,100,,,
Misdreavus,0.7,,Misdreavus,1,,Misdreavus,60,,Misdreavus,60,,Misdreavus,60,,,
Mismagius,0.9,,Mismagius,4.4,,Mismagius,60,,Mismagius,60,,Mismagius,60,,,
Moltres,2,,Moltres,60,,Moltres,90,,Moltres,100,,Moltres,90,,,
Monferno,0.9,,Monferno,22,,Monferno,64,,Monferno,78,,Monferno,52,,,
Morelull,0.2,,Morelull,1.5,,Morelull,40,,Morelull,35,,Morelull,55,,,
Morgrem,0.8,,Morgrem,12.5,,Morgrem,65,,Morgrem,60,,Morgrem,45,,,
Morpeko,0.3,,Morpeko,3,,Morpeko,58,,Morpeko,95,,Morpeko,58,,,
Mothim,0.9,,Mothim,23.3,,Mothim,70,,Mothim,94,,Mothim,50,,,
Mr. Mime,1.3,,Mr. Mime,54.5,,Mr. Mime,40,,Mr. Mime,45,,Mr. Mime,65,,,
Mr. Rime,1.5,,Mr. Rime,58.2,,Mr. Rime,80,,Mr. Rime,85,,Mr. Rime,75,,,
Mudbray,1,,Mudbray,110,,Mudbray,70,,Mudbray,100,,Mudbray,70,,,
Mudkip,0.4,,Mudkip,7.6,,Mudkip,50,,Mudkip,70,,Mudkip,50,,,
Mudsdale,2.5,,Mudsdale,920,,Mudsdale,100,,Mudsdale,125,,Mudsdale,100,,,
Muk,1.2,,Muk,30,,Muk,105,,Muk,105,,Muk,75,,,
Munchlax,0.6,,Munchlax,105,,Munchlax,135,,Munchlax,85,,Munchlax,40,,,
Munkidori,1,,Munkidori,12.2,,Munkidori,88,,Munkidori,75,,Munkidori,66,,,
Munna,0.6,,Munna,23.3,,Munna,76,,Munna,25,,Munna,45,,,
Murkrow,0.5,,Murkrow,2.1,,Murkrow,60,,Murkrow,85,,Murkrow,42,,,
Musharna,1.1,,Musharna,60.5,,Musharna,116,,Musharna,55,,Musharna,85,,,
Nacli,0.4,,Nacli,16,,Nacli,55,,Nacli,55,,Nacli,75,,,
Naclstack,0.6,,Naclstack,105,,Naclstack,60,,Naclstack,60,,Naclstack,100,,,
Naganadel,3.6,,Naganadel,150,,Naganadel,73,,Naganadel,73,,Naganadel,73,,,
Natu,0.2,,Natu,2,,Natu,40,,Natu,50,,Natu,45,,,
Necrozma,2.4,,Necrozma,230,,Necrozma,97,,Necrozma,107,,Necrozma,101,,,
Nickit,0.6,,Nickit,8.9,,Nickit,40,,Nickit,28,,Nickit,28,,,
Nidoking,1.4,,Nidoking,62,,Nidoking,81,,Nidoking,102,,Nidoking,77,,,
Nidoqueen,1.3,,Nidoqueen,60,,Nidoqueen,90,,Nidoqueen,92,,Nidoqueen,87,,,
Nidoran♂ (male),0.5,,Nidoran♂ (male),9,,Nidoran♂ (male),46,,Nidoran♂ (male),57,,Nidoran♂ (male),40,,,
Nidoran♀ (female),0.4,,Nidoran♀ (female),7,,Nidoran♀ (female),55,,Nidoran♀ (female),47,,Nidoran♀ (female),52,,,
Nidorina,0.8,,Nidorina,20,,Nidorina,70,,Nidorina,62,,Nidorina,67,,,
Nidorino,0.9,,Nidorino,19.5,,Nidorino,61,,Nidorino,72,,Nidorino,57,,,
Nihilego,1.2,,Nihilego,55.5,,Nihilego,109,,Nihilego,53,,Nihilego,47,,,
Nincada,0.5,,Nincada,5.5,,Nincada,31,,Nincada,45,,Nincada,90,,,
Ninetales,1.1,,Ninetales,19.9,,Ninetales,73,,Ninetales,76,,Ninetales,75,,,
Ninjask,0.8,,Ninjask,12,,Ninjask,61,,Ninjask,90,,Ninjask,45,,,
Noctowl,1.6,,Noctowl,40.8,,Noctowl,100,,Noctowl,50,,Noctowl,50,,,
Noibat,0.5,,Noibat,8,,Noibat,40,,Noibat,30,,Noibat,35,,,
Noivern,1.5,,Noivern,85,,Noivern,85,,Noivern,70,,Noivern,80,,,
Nosepass,1,,Nosepass,97,,Nosepass,30,,Nosepass,45,,Nosepass,135,,,
Numel,0.7,,Numel,24,,Numel,60,,Numel,60,,Numel,40,,,
Nuzleaf,1,,Nuzleaf,28,,Nuzleaf,70,,Nuzleaf,70,,Nuzleaf,40,,,
Nymble,0.2,,Nymble,1,,Nymble,33,,Nymble,46,,Nymble,40,,,
Obstagoon,1.6,,Obstagoon,46,,Obstagoon,93,,Obstagoon,90,,Obstagoon,101,,,
Octillery,0.9,,Octillery,28.5,,Octillery,75,,Octillery,105,,Octillery,75,,,
Oddish,0.5,,Oddish,5.4,,Oddish,45,,Oddish,50,,Oddish,55,,,
Ogerpon,1.2,,Ogerpon,39.8,,Ogerpon,80,,Ogerpon,120,,Ogerpon,84,,,
Oinkologne,1,,Oinkologne,120,,Oinkologne,110,,Oinkologne,100,,Oinkologne,75,,,
Okidogi,1.8,,Okidogi,92,,Okidogi,88,,Okidogi,128,,Okidogi,115,,,
Omanyte,0.4,,Omanyte,7.5,,Omanyte,35,,Omanyte,40,,Omanyte,100,,,
Omastar,1,,Omastar,35,,Omastar,70,,Omastar,60,,Omastar,125,,,
Onix,8.8,,Onix,210,,Onix,35,,Onix,45,,Onix,160,,,
Oranguru,1.5,,Oranguru,76,,Oranguru,90,,Oranguru,60,,Oranguru,80,,,
Orbeetle,0.4,,Orbeetle,40.8,,Orbeetle,60,,Orbeetle,45,,Orbeetle,110,,,
Oricorio,0.6,,Oricorio,3.4,,Oricorio,75,,Oricorio,70,,Oricorio,70,,,
Orthworm,2.5,,Orthworm,310,,Orthworm,70,,Orthworm,85,,Orthworm,145,,,
Oshawott,0.5,,Oshawott,5.9,,Oshawott,55,,Oshawott,55,,Oshawott,45,,,
Overqwil,2.5,,Overqwil,60.5,,Overqwil,85,,Overqwil,115,,Overqwil,95,,,
Pachirisu,0.4,,Pachirisu,3.9,,Pachirisu,60,,Pachirisu,45,,Pachirisu,70,,,
Palafin,1.3,,Palafin,60.2,,Palafin,100,,Palafin,70,,Palafin,72,,,
Palkia,4.2,,Palkia,336,,Palkia,90,,Palkia,120,,Palkia,100,,,
Palossand,1.3,,Palossand,250,,Palossand,85,,Palossand,75,,Palossand,110,,,
Palpitoad,0.8,,Palpitoad,17,,Palpitoad,75,,Palpitoad,65,,Palpitoad,55,,,
Pancham,0.6,,Pancham,8,,Pancham,67,,Pancham,82,,Pancham,62,,,
Pangoro,2.1,,Pangoro,136,,Pangoro,95,,Pangoro,124,,Pangoro,78,,,
Panpour,0.6,,Panpour,13.5,,Panpour,50,,Panpour,53,,Panpour,48,,,
Pansage,0.6,,Pansage,10.5,,Pansage,50,,Pansage,53,,Pansage,48,,,
Pansear,0.6,,Pansear,11,,Pansear,50,,Pansear,53,,Pansear,48,,,
Paras,0.3,,Paras,5.4,,Paras,35,,Paras,70,,Paras,55,,,
Parasect,1,,Parasect,29.5,,Parasect,60,,Parasect,95,,Parasect,80,,,
Passimian,2,,Passimian,82.8,,Passimian,100,,Passimian,120,,Passimian,90,,,
Patrat,0.5,,Patrat,11.6,,Patrat,45,,Patrat,55,,Patrat,39,,,
Pawmi,0.3,,Pawmi,2.5,,Pawmi,45,,Pawmi,50,,Pawmi,20,,,
Pawmo,0.4,,Pawmo,6.5,,Pawmo,60,,Pawmo,75,,Pawmo,40,,,
Pawmot,0.9,,Pawmot,41,,Pawmot,70,,Pawmot,115,,Pawmot,70,,,
Pawniard,0.5,,Pawniard,10.2,,Pawniard,45,,Pawniard,85,,Pawniard,70,,,
Pecharunt,0.3,,Pecharunt,0.3,,Pecharunt,88,,Pecharunt,88,,Pecharunt,160,,,
Pelipper,1.2,,Pelipper,28,,Pelipper,60,,Pelipper,50,,Pelipper,100,,,
Perrserker,0.8,,Perrserker,28,,Perrserker,70,,Perrserker,110,,Perrserker,100,,,
Persian,1,,Persian,32,,Persian,65,,Persian,70,,Persian,60,,,
Petilil,0.5,,Petilil,6.6,,Petilil,45,,Petilil,35,,Petilil,50,,,
Phanpy,0.5,,Phanpy,33.5,,Phanpy,90,,Phanpy,60,,Phanpy,60,,,
Phantump,0.4,,Phantump,7,,Phantump,43,,Phantump,70,,Phantump,48,,,
Pheromosa,1.8,,Pheromosa,25,,Pheromosa,71,,Pheromosa,137,,Pheromosa,37,,,
Phione,0.4,,Phione,3.1,,Phione,80,,Phione,80,,Phione,80,,,
Pichu,0.3,,Pichu,2,,Pichu,20,,Pichu,40,,Pichu,15,,,
Pidgeot,1.5,,Pidgeot,39.5,,Pidgeot,83,,Pidgeot,80,,Pidgeot,75,,,
Pidgeotto,1.1,,Pidgeotto,30,,Pidgeotto,63,,Pidgeotto,60,,Pidgeotto,55,,,
Pidgey,0.3,,Pidgey,1.8,,Pidgey,40,,Pidgey,45,,Pidgey,40,,,
Pidove,0.3,,Pidove,2.1,,Pidove,50,,Pidove,55,,Pidove,50,,,
Pignite,1,,Pignite,55.5,,Pignite,90,,Pignite,93,,Pignite,55,,,
Pikachu,0.4,,Pikachu,6,,Pikachu,35,,Pikachu,55,,Pikachu,40,,,
Pikipek,0.3,,Pikipek,1.2,,Pikipek,35,,Pikipek,75,,Pikipek,30,,,
Piloswine,1.1,,Piloswine,55.8,,Piloswine,100,,Piloswine,100,,Piloswine,80,,,
Pincurchin,0.3,,Pincurchin,1,,Pincurchin,48,,Pincurchin,101,,Pincurchin,95,,,
Pineco,0.6,,Pineco,7.2,,Pineco,50,,Pineco,65,,Pineco,90,,,
Pinsir,1.5,,Pinsir,55,,Pinsir,65,,Pinsir,125,,Pinsir,100,,,
Piplup,0.4,,Piplup,5.2,,Piplup,53,,Piplup,51,,Piplup,53,,,
Plusle,0.4,,Plusle,4.2,,Plusle,60,,Plusle,50,,Plusle,40,,,
Poipole,0.6,,Poipole,1.8,,Poipole,67,,Poipole,73,,Poipole,67,,,
Politoed,1.1,,Politoed,33.9,,Politoed,90,,Politoed,75,,Politoed,75,,,
Poliwag,0.6,,Poliwag,12.4,,Poliwag,40,,Poliwag,50,,Poliwag,40,,,
Poliwhirl,1,,Poliwhirl,20,,Poliwhirl,65,,Poliwhirl,65,,Poliwhirl,65,,,
Poliwrath,1.3,,Poliwrath,54,,Poliwrath,90,,Poliwrath,95,,Poliwrath,95,,,
Poltchageist,0.1,,Poltchageist,1.1,,Poltchageist,40,,Poltchageist,45,,Poltchageist,45,,,
Polteageist,0.2,,Polteageist,0.4,,Polteageist,60,,Polteageist,65,,Polteageist,65,,,
Ponyta,1,,Ponyta,30,,Ponyta,50,,Ponyta,85,,Ponyta,55,,,
Poochyena,0.5,,Poochyena,13.6,,Poochyena,35,,Poochyena,55,,Poochyena,35,,,
Popplio,0.4,,Popplio,7.5,,Popplio,50,,Popplio,54,,Popplio,54,,,
Porygon,0.8,,Porygon,36.5,,Porygon,65,,Porygon,60,,Porygon,70,,,
Porygon2,0.6,,Porygon2,32.5,,Porygon2,85,,Porygon2,80,,Porygon2,90,,,
Porygon-Z,0.9,,Porygon-Z,34,,Porygon-Z,85,,Porygon-Z,80,,Porygon-Z,70,,,
Primarina,1.8,,Primarina,44,,Primarina,80,,Primarina,74,,Primarina,74,,,
Primeape,1,,Primeape,32,,Primeape,65,,Primeape,105,,Primeape,60,,,
Prinplup,0.8,,Prinplup,23,,Prinplup,64,,Prinplup,66,,Prinplup,68,,,
Probopass,1.4,,Probopass,340,,Probopass,60,,Probopass,55,,Probopass,145,,,
Psyduck,0.8,,Psyduck,19.6,,Psyduck,50,,Psyduck,52,,Psyduck,48,,,
Pumpkaboo,0.4,,Pumpkaboo,5,,Pumpkaboo,49,,Pumpkaboo,66,,Pumpkaboo,70,,,
Pupitar,1.2,,Pupitar,152,,Pupitar,70,,Pupitar,84,,Pupitar,70,,,
Purrloin,0.4,,Purrloin,10.1,,Purrloin,41,,Purrloin,50,,Purrloin,37,,,
Purugly,1,,Purugly,43.8,,Purugly,71,,Purugly,82,,Purugly,64,,,
Pyroar,1.5,,Pyroar,81.5,,Pyroar,86,,Pyroar,68,,Pyroar,72,,,
Pyukumuku,0.3,,Pyukumuku,1.2,,Pyukumuku,55,,Pyukumuku,60,,Pyukumuku,130,,,
Quagsire,1.4,,Quagsire,75,,Quagsire,95,,Quagsire,85,,Quagsire,85,,,
Quaquaval,1.8,,Quaquaval,61.9,,Quaquaval,85,,Quaquaval,120,,Quaquaval,80,,,
Quaxly,0.5,,Quaxly,6.1,,Quaxly,55,,Quaxly,65,,Quaxly,45,,,
Quaxwell,1.2,,Quaxwell,21.5,,Quaxwell,70,,Quaxwell,85,,Quaxwell,65,,,
Quilava,0.9,,Quilava,19,,Quilava,58,,Quilava,64,,Quilava,58,,,
Quilladin,0.7,,Quilladin,29,,Quilladin,61,,Quilladin,78,,Quilladin,95,,,
Qwilfish,0.5,,Qwilfish,3.9,,Qwilfish,65,,Qwilfish,95,,Qwilfish,85,,,
Raboot,0.6,,Raboot,9,,Raboot,65,,Raboot,86,,Raboot,60,,,
Rabsca,0.3,,Rabsca,3.5,,Rabsca,75,,Rabsca,50,,Rabsca,85,,,
Raging Bolt,5.2,,Raging Bolt,480,,Raging Bolt,125,,Raging Bolt,73,,Raging Bolt,91,,,
Raichu,0.8,,Raichu,30,,Raichu,60,,Raichu,90,,Raichu,55,,,
Raikou,1.9,,Raikou,178,,Raikou,90,,Raikou,85,,Raikou,75,,,
Ralts,0.4,,Ralts,6.6,,Ralts,28,,Ralts,25,,Ralts,25,,,
Rampardos,1.6,,Rampardos,102.5,,Rampardos,97,,Rampardos,165,,Rampardos,60,,,
Rapidash,1.7,,Rapidash,95,,Rapidash,65,,Rapidash,100,,Rapidash,70,,,
Raticate,0.7,,Raticate,18.5,,Raticate,55,,Raticate,81,,Raticate,60,,,
Rattata,0.3,,Rattata,3.5,,Rattata,30,,Rattata,56,,Rattata,35,,,
Rayquaza,7,,Rayquaza,206.5,,Rayquaza,105,,Rayquaza,150,,Rayquaza,90,,,
Regice,1.8,,Regice,175,,Regice,80,,Regice,50,,Regice,100,,,
Regidrago,2.1,,Regidrago,200,,Regidrago,200,,Regidrago,100,,Regidrago,50,,,
Regieleki,1.2,,Regieleki,145,,Regieleki,80,,Regieleki,100,,Regieleki,50,,,
Regigigas,3.7,,Regigigas,420,,Regigigas,110,,Regigigas,160,,Regigigas,110,,,
Regirock,1.7,,Regirock,230,,Regirock,80,,Regirock,100,,Regirock,200,,,
Registeel,1.9,,Registeel,205,,Registeel,80,,Registeel,75,,Registeel,150,,,
Relicanth,1,,Relicanth,23.4,,Relicanth,100,,Relicanth,90,,Relicanth,130,,,
Rellor,0.2,,Rellor,1,,Rellor,41,,Rellor,50,,Rellor,60,,,
Remoraid,0.6,,Remoraid,12,,Remoraid,35,,Remoraid,65,,Remoraid,35,,,
Reshiram,3.2,,Reshiram,330,,Reshiram,100,,Reshiram,120,,Reshiram,100,,,
Reuniclus,1,,Reuniclus,20.1,,Reuniclus,110,,Reuniclus,65,,Reuniclus,75,,,
Revavroom,1.8,,Revavroom,120,,Revavroom,80,,Revavroom,119,,Revavroom,90,,,
Rhydon,1.9,,Rhydon,120,,Rhydon,105,,Rhydon,130,,Rhydon,120,,,
Rhyhorn,1,,Rhyhorn,115,,Rhyhorn,80,,Rhyhorn,85,,Rhyhorn,95,,,
Rhyperior,2.4,,Rhyperior,282.8,,Rhyperior,115,,Rhyperior,140,,Rhyperior,130,,,
Ribombee,0.2,,Ribombee,0.5,,Ribombee,60,,Ribombee,55,,Ribombee,60,,,
Rillaboom,2.1,,Rillaboom,90,,Rillaboom,100,,Rillaboom,125,,Rillaboom,90,,,
Riolu,0.7,,Riolu,20.2,,Riolu,40,,Riolu,70,,Riolu,40,,,
Roaring Moon,2,,Roaring Moon,380,,Roaring Moon,105,,Roaring Moon,139,,Roaring Moon,71,,,
Rockruff,0.5,,Rockruff,9.2,,Rockruff,45,,Rockruff,65,,Rockruff,40,,,
Roggenrola,0.4,,Roggenrola,18,,Roggenrola,55,,Roggenrola,75,,Roggenrola,85,,,
Rolycoly,0.3,,Rolycoly,12,,Rolycoly,30,,Rolycoly,40,,Rolycoly,50,,,
Rookidee,0.2,,Rookidee,1.8,,Rookidee,38,,Rookidee,47,,Rookidee,35,,,
Roselia,0.3,,Roselia,2,,Roselia,50,,Roselia,60,,Roselia,45,,,
Roserade,0.9,,Roserade,14.5,,Roserade,60,,Roserade,70,,Roserade,65,,,
Rotom,0.3,,Rotom,0.3,,Rotom,50,,Rotom,50,,Rotom,77,,,
Rowlet,0.3,,Rowlet,1.5,,Rowlet,68,,Rowlet,55,,Rowlet,55,,,
Rufflet,0.5,,Rufflet,10.5,,Rufflet,70,,Rufflet,83,,Rufflet,50,,,
Runerigus,1.6,,Runerigus,66.6,,Runerigus,58,,Runerigus,95,,Runerigus,145,,,
Sableye,0.5,,Sableye,11,,Sableye,50,,Sableye,75,,Sableye,75,,,
Salamence,1.5,,Salamence,102.6,,Salamence,95,,Salamence,135,,Salamence,80,,,
Salandit,0.6,,Salandit,4.8,,Salandit,48,,Salandit,44,,Salandit,40,,,
Salazzle,1.2,,Salazzle,22.2,,Salazzle,68,,Salazzle,64,,Salazzle,60,,,
Samurott,1.5,,Samurott,94.6,,Samurott,95,,Samurott,100,,Samurott,85,,,
Sandaconda,3.8,,Sandaconda,65.5,,Sandaconda,72,,Sandaconda,107,,Sandaconda,125,,,
Sandile,0.7,,Sandile,15.2,,Sandile,50,,Sandile,72,,Sandile,35,,,
Sandshrew,0.6,,Sandshrew,12,,Sandshrew,50,,Sandshrew,75,,Sandshrew,85,,,
Sandslash,1,,Sandslash,29.5,,Sandslash,75,,Sandslash,100,,Sandslash,110,,,
Sandy Shocks,2.3,,Sandy Shocks,60,,Sandy Shocks,85,,Sandy Shocks,81,,Sandy Shocks,97,,,
Sandygast,0.5,,Sandygast,70,,Sandygast,55,,Sandygast,55,,Sandygast,80,,,
Sawk,1.4,,Sawk,51,,Sawk,75,,Sawk,125,,Sawk,75,,,
Sawsbuck,1.9,,Sawsbuck,92.5,,Sawsbuck,80,,Sawsbuck,100,,Sawsbuck,70,,,
Scatterbug,0.3,,Scatterbug,2.5,,Scatterbug,38,,Scatterbug,35,,Scatterbug,40,,,
Sceptile,1.7,,Sceptile,52.2,,Sceptile,70,,Sceptile,85,,Sceptile,65,,,
Scizor,1.8,,Scizor,118,,Scizor,70,,Scizor,130,,Scizor,100,,,
Scolipede,2.5,,Scolipede,200.5,,Scolipede,60,,Scolipede,100,,Scolipede,89,,,
Scorbunny,0.3,,Scorbunny,4.5,,Scorbunny,50,,Scorbunny,71,,Scorbunny,40,,,
Scovillain,0.9,,Scovillain,15,,Scovillain,65,,Scovillain,108,,Scovillain,65,,,
Scrafty,1.1,,Scrafty,30,,Scrafty,65,,Scrafty,90,,Scrafty,115,,,
Scraggy,0.6,,Scraggy,11.8,,Scraggy,50,,Scraggy,75,,Scraggy,70,,,
Scream Tail,1.2,,Scream Tail,8,,Scream Tail,115,,Scream Tail,65,,Scream Tail,99,,,
Scyther,1.5,,Scyther,56,,Scyther,70,,Scyther,110,,Scyther,80,,,
Seadra,1.2,,Seadra,25,,Seadra,55,,Seadra,65,,Seadra,95,,,
Seaking,1.3,,Seaking,39,,Seaking,80,,Seaking,92,,Seaking,65,,,
Sealeo,1.1,,Sealeo,87.6,,Sealeo,90,,Sealeo,60,,Sealeo,70,,,
Seedot,0.5,,Seedot,4,,Seedot,40,,Seedot,40,,Seedot,50,,,
Seel,1.1,,Seel,90,,Seel,65,,Seel,45,,Seel,55,,,
Seismitoad,1.5,,Seismitoad,62,,Seismitoad,105,,Seismitoad,95,,Seismitoad,75,,,
Sentret,0.8,,Sentret,6,,Sentret,35,,Sentret,46,,Sentret,34,,,
Serperior,3.3,,Serperior,63,,Serperior,75,,Serperior,75,,Serperior,95,,,
Servine,0.8,,Servine,16,,Servine,60,,Servine,60,,Servine,75,,,
Seviper,2.7,,Seviper,52.5,,Seviper,73,,Seviper,100,,Seviper,60,,,
Sewaddle,0.3,,Sewaddle,2.5,,Sewaddle,45,,Sewaddle,53,,Sewaddle,70,,,
Sharpedo,1.8,,Sharpedo,88.8,,Sharpedo,70,,Sharpedo,120,,Sharpedo,40,,,
Shaymin,0.2,,Shaymin,2.1,,Shaymin,100,,Shaymin,100,,Shaymin,100,,,
Shedinja,0.8,,Shedinja,1.2,,Shedinja,1,,Shedinja,90,,Shedinja,45,,,
Shelgon,1.1,,Shelgon,110.5,,Shelgon,65,,Shelgon,95,,Shelgon,100,,,
Shellder,0.3,,Shellder,4,,Shellder,30,,Shellder,65,,Shellder,100,,,
Shellos,0.3,,Shellos,6.3,,Shellos,76,,Shellos,48,,Shellos,48,,,
Shelmet,0.4,,Shelmet,7.7,,Shelmet,50,,Shelmet,40,,Shelmet,85,,,
Shieldon,0.5,,Shieldon,57,,Shieldon,30,,Shieldon,42,,Shieldon,118,,,
Shiftry,1.3,,Shiftry,59.6,,Shiftry,90,,Shiftry,100,,Shiftry,60,,,
Shiinotic,1,,Shiinotic,11.5,,Shiinotic,60,,Shiinotic,45,,Shiinotic,80,,,
Shinx,0.5,,Shinx,9.5,,Shinx,45,,Shinx,65,,Shinx,34,,,
Shroodle,0.2,,Shroodle,0.7,,Shroodle,40,,Shroodle,65,,Shroodle,35,,,
Shroomish,0.4,,Shroomish,4.5,,Shroomish,60,,Shroomish,40,,Shroomish,60,,,
Shuckle,0.6,,Shuckle,20.5,,Shuckle,20,,Shuckle,10,,Shuckle,230,,,
Shuppet,0.6,,Shuppet,2.3,,Shuppet,44,,Shuppet,75,,Shuppet,35,,,
Sigilyph,1.4,,Sigilyph,14,,Sigilyph,72,,Sigilyph,58,,Sigilyph,80,,,
Silcoon,0.6,,Silcoon,10,,Silcoon,50,,Silcoon,35,,Silcoon,55,,,
Silicobra,2.2,,Silicobra,7.6,,Silicobra,52,,Silicobra,57,,Silicobra,75,,,
Silvally,2.3,,Silvally,100.5,,Silvally,95,,Silvally,95,,Silvally,95,,,
Simipour,1,,Simipour,29,,Simipour,75,,Simipour,98,,Simipour,63,,,
Simisage,1.1,,Simisage,30.5,,Simisage,75,,Simisage,98,,Simisage,63,,,
Simisear,1,,Simisear,28,,Simisear,75,,Simisear,98,,Simisear,63,,,
Sinistcha,0.2,,Sinistcha,2.2,,Sinistcha,71,,Sinistcha,60,,Sinistcha,106,,,
Sinistea,0.1,,Sinistea,0.2,,Sinistea,40,,Sinistea,45,,Sinistea,45,,,
Sirfetch'd,0.8,,Sirfetch'd,117,,Sirfetch'd,62,,Sirfetch'd,135,,Sirfetch'd,95,,,
Sizzlipede,0.7,,Sizzlipede,1,,Sizzlipede,50,,Sizzlipede,65,,Sizzlipede,45,,,
Skarmory,1.7,,Skarmory,50.5,,Skarmory,65,,Skarmory,80,,Skarmory,140,,,
Skeledirge,1.6,,Skeledirge,326.5,,Skeledirge,104,,Skeledirge,75,,Skeledirge,100,,,
Skiddo,0.9,,Skiddo,31,,Skiddo,66,,Skiddo,65,,Skiddo,48,,,
Skiploom,0.6,,Skiploom,1,,Skiploom,55,,Skiploom,45,,Skiploom,50,,,
Skitty,0.6,,Skitty,11,,Skitty,50,,Skitty,45,,Skitty,45,,,
Skorupi,0.8,,Skorupi,12,,Skorupi,40,,Skorupi,50,,Skorupi,90,,,
Skrelp,0.5,,Skrelp,7.3,,Skrelp,50,,Skrelp,60,,Skrelp,60,,,
Skuntank,1,,Skuntank,38,,Skuntank,103,,Skuntank,93,,Skuntank,67,,,
Skwovet,0.3,,Skwovet,2.5,,Skwovet,70,,Skwovet,55,,Skwovet,55,,,
Slaking,2,,Slaking,130.5,,Slaking,150,,Slaking,160,,Slaking,100,,,
Slakoth,0.8,,Slakoth,24,,Slakoth,60,,Slakoth,60,,Slakoth,60,,,
Sliggoo,0.8,,Sliggoo,17.5,,Sliggoo,68,,Sliggoo,75,,Sliggoo,53,,,
Slither Wing,3.2,,Slither Wing,92,,Slither Wing,85,,Slither Wing,135,,Slither Wing,79,,,
Slowbro,1.6,,Slowbro,78.5,,Slowbro,95,,Slowbro,75,,Slowbro,110,,,
Slowking,2,,Slowking,79.5,,Slowking,95,,Slowking,75,,Slowking,80,,,
Slowpoke,1.2,,Slowpoke,36,,Slowpoke,90,,Slowpoke,65,,Slowpoke,65,,,
Slugma,0.7,,Slugma,35,,Slugma,40,,Slugma,40,,Slugma,40,,,
Slurpuff,0.8,,Slurpuff,5,,Slurpuff,82,,Slurpuff,80,,Slurpuff,86,,,
Smeargle,1.2,,Smeargle,58,,Smeargle,55,,Smeargle,20,,Smeargle,35,,,
Smoliv,0.3,,Smoliv,6.5,,Smoliv,41,,Smoliv,35,,Smoliv,45,,,
Smoochum,0.4,,Smoochum,6,,Smoochum,45,,Smoochum,30,,Smoochum,15,,,
Sneasel,0.9,,Sneasel,28,,Sneasel,55,,Sneasel,95,,Sneasel,55,,,
Sneasler,1.3,,Sneasler,43,,Sneasler,80,,Sneasler,130,,Sneasler,60,,,
Snivy,0.6,,Snivy,8.1,,Snivy,45,,Snivy,45,,Snivy,55,,,
Snom,0.3,,Snom,3.8,,Snom,30,,Snom,25,,Snom,35,,,
Snorlax,2.1,,Snorlax,460,,Snorlax,160,,Snorlax,110,,Snorlax,65,,,
Snorunt,0.7,,Snorunt,16.8,,Snorunt,50,,Snorunt,50,,Snorunt,50,,,
Snover,1,,Snover,50.5,,Snover,60,,Snover,62,,Snover,50,,,
Snubbull,0.6,,Snubbull,7.8,,Snubbull,60,,Snubbull,80,,Snubbull,50,,,
Sobble,0.3,,Sobble,4,,Sobble,50,,Sobble,40,,Sobble,40,,,
Solgaleo,3.4,,Solgaleo,230,,Solgaleo,137,,Solgaleo,137,,Solgaleo,107,,,
Solosis,0.3,,Solosis,1,,Solosis,45,,Solosis,30,,Solosis,40,,,
Solrock,1.2,,Solrock,154,,Solrock,90,,Solrock,95,,Solrock,85,,,
Spearow,0.3,,Spearow,2,,Spearow,40,,Spearow,60,,Spearow,30,,,
Spectrier,2,,Spectrier,44.5,,Spectrier,100,,Spectrier,65,,Spectrier,60,,,
Spewpa,0.3,,Spewpa,8.4,,Spewpa,45,,Spewpa,22,,Spewpa,60,,,
Spheal,0.8,,Spheal,39.5,,Spheal,70,,Spheal,40,,Spheal,50,,,
Spidops,1,,Spidops,16.5,,Spidops,60,,Spidops,79,,Spidops,92,,,
Spinarak,0.5,,Spinarak,8.5,,Spinarak,40,,Spinarak,60,,Spinarak,40,,,
Spinda,1.1,,Spinda,5,,Spinda,60,,Spinda,60,,Spinda,60,,,
Spiritomb,1,,Spiritomb,108,,Spiritomb,50,,Spiritomb,92,,Spiritomb,108,,,
Spoink,0.7,,Spoink,30.6,,Spoink,60,,Spoink,25,,Spoink,35,,,
Sprigatito,0.4,,Sprigatito,4.1,,Sprigatito,40,,Sprigatito,61,,Sprigatito,54,,,
Spritzee,0.2,,Spritzee,0.5,,Spritzee,78,,Spritzee,52,,Spritzee,60,,,
Squawkabilly,0.6,,Squawkabilly,2.4,,Squawkabilly,82,,Squawkabilly,96,,Squawkabilly,51,,,
Squirtle,0.5,,Squirtle,9,,Squirtle,44,,Squirtle,48,,Squirtle,65,,,
Stakataka,5.5,,Stakataka,820,,Stakataka,61,,Stakataka,131,,Stakataka,211,,,
Stantler,1.4,,Stantler,71.2,,Stantler,73,,Stantler,95,,Stantler,62,,,
Staraptor,1.2,,Staraptor,24.9,,Staraptor,85,,Staraptor,120,,Staraptor,70,,,
Staravia,0.6,,Staravia,15.5,,Staravia,55,,Staravia,75,,Staravia,50,,,
Starly,0.3,,Starly,2,,Starly,40,,Starly,55,,Starly,30,,,
Starmie,1.1,,Starmie,80,,Starmie,60,,Starmie,75,,Starmie,85,,,
Staryu,0.8,,Staryu,34.5,,Staryu,30,,Staryu,45,,Staryu,55,,,
Steelix,9.2,,Steelix,400,,Steelix,75,,Steelix,85,,Steelix,200,,,
Steenee,0.7,,Steenee,8.2,,Steenee,52,,Steenee,40,,Steenee,48,,,
Stonjourner,2.5,,Stonjourner,520,,Stonjourner,100,,Stonjourner,125,,Stonjourner,135,,,
Stoutland,1.2,,Stoutland,61,,Stoutland,85,,Stoutland,110,,Stoutland,90,,,
Stufful,0.5,,Stufful,6.8,,Stufful,70,,Stufful,75,,Stufful,50,,,
Stunfisk,0.7,,Stunfisk,11,,Stunfisk,109,,Stunfisk,66,,Stunfisk,84,,,
Stunky,0.4,,Stunky,19.2,,Stunky,63,,Stunky,63,,Stunky,47,,,
Sudowoodo,1.2,,Sudowoodo,38,,Sudowoodo,70,,Sudowoodo,100,,Sudowoodo,115,,,
Suicune,2,,Suicune,187,,Suicune,100,,Suicune,75,,Suicune,115,,,
Sunflora,0.8,,Sunflora,8.5,,Sunflora,75,,Sunflora,75,,Sunflora,55,,,
Sunkern,0.3,,Sunkern,1.8,,Sunkern,30,,Sunkern,30,,Sunkern,30,,,
Surskit,0.5,,Surskit,1.7,,Surskit,40,,Surskit,30,,Surskit,32,,,
Swablu,0.4,,Swablu,1.2,,Swablu,45,,Swablu,40,,Swablu,60,,,
Swadloon,0.5,,Swadloon,7.3,,Swadloon,55,,Swadloon,63,,Swadloon,90,,,
Swalot,1.7,,Swalot,80,,Swalot,100,,Swalot,73,,Swalot,83,,,
Swampert,1.5,,Swampert,81.9,,Swampert,100,,Swampert,110,,Swampert,90,,,
Swanna,1.3,,Swanna,24.2,,Swanna,75,,Swanna,87,,Swanna,63,,,
Swellow,0.7,,Swellow,19.8,,Swellow,60,,Swellow,85,,Swellow,60,,,
Swinub,0.4,,Swinub,6.5,,Swinub,50,,Swinub,50,,Swinub,40,,,
Swirlix,0.4,,Swirlix,3.5,,Swirlix,62,,Swirlix,48,,Swirlix,66,,,
Swoobat,0.9,,Swoobat,10.5,,Swoobat,67,,Swoobat,57,,Swoobat,55,,,
Sylveon,1,,Sylveon,23.5,,Sylveon,95,,Sylveon,65,,Sylveon,65,,,
Tadbulb,0.3,,Tadbulb,0.4,,Tadbulb,61,,Tadbulb,31,,Tadbulb,41,,,
Taillow,0.3,,Taillow,2.3,,Taillow,40,,Taillow,55,,Taillow,30,,,
Talonflame,1.2,,Talonflame,24.5,,Talonflame,78,,Talonflame,81,,Talonflame,71,,,
Tandemaus,0.3,,Tandemaus,1.8,,Tandemaus,50,,Tandemaus,50,,Tandemaus,45,,,
Tangela,1,,Tangela,35,,Tangela,65,,Tangela,55,,Tangela,115,,,
Tangrowth,2,,Tangrowth,128.6,,Tangrowth,100,,Tangrowth,100,,Tangrowth,125,,,
Tapu Bulu,1.9,,Tapu Bulu,45.5,,Tapu Bulu,70,,Tapu Bulu,130,,Tapu Bulu,115,,,
Tapu Fini,1.3,,Tapu Fini,21.2,,Tapu Fini,70,,Tapu Fini,75,,Tapu Fini,115,,,
Tapu Koko,1.8,,Tapu Koko,20.5,,Tapu Koko,70,,Tapu Koko,115,,Tapu Koko,85,,,
Tapu Lele,1.2,,Tapu Lele,18.6,,Tapu Lele,70,,Tapu Lele,85,,Tapu Lele,75,,,
Tarountula,0.3,,Tarountula,4,,Tarountula,35,,Tarountula,41,,Tarountula,45,,,
Tatsugiri,0.3,,Tatsugiri,8,,Tatsugiri,68,,Tatsugiri,50,,Tatsugiri,60,,,
Tauros,1.4,,Tauros,88.4,,Tauros,75,,Tauros,100,,Tauros,95,,,
Teddiursa,0.6,,Teddiursa,8.8,,Teddiursa,60,,Teddiursa,80,,Teddiursa,50,,,
Tentacool,0.9,,Tentacool,45.5,,Tentacool,40,,Tentacool,40,,Tentacool,35,,,
Tentacruel,1.6,,Tentacruel,55,,Tentacruel,80,,Tentacruel,70,,Tentacruel,65,,,
Tepig,0.5,,Tepig,9.9,,Tepig,65,,Tepig,63,,Tepig,45,,,
Terapagos,0.2,,Terapagos,6.5,,Terapagos,90,,Terapagos,65,,Terapagos,85,,,
Terrakion,1.9,,Terrakion,260,,Terrakion,91,,Terrakion,129,,Terrakion,90,,,
Thievul,1.2,,Thievul,19.9,,Thievul,70,,Thievul,58,,Thievul,58,,,
Throh,1.3,,Throh,55.5,,Throh,120,,Throh,100,,Throh,85,,,
Thundurus,1.5,,Thundurus,61,,Thundurus,79,,Thundurus,115,,Thundurus,70,,,
Thwackey,0.7,,Thwackey,14,,Thwackey,70,,Thwackey,85,,Thwackey,70,,,
Timburr,0.6,,Timburr,12.5,,Timburr,75,,Timburr,80,,Timburr,55,,,
Ting-Lu,2.7,,Ting-Lu,699.7,,Ting-Lu,155,,Ting-Lu,110,,Ting-Lu,125,,,
Tinkatink,0.4,,Tinkatink,8.9,,Tinkatink,50,,Tinkatink,45,,Tinkatink,45,,,
Tinkaton,0.7,,Tinkaton,112.8,,Tinkaton,85,,Tinkaton,75,,Tinkaton,77,,,
Tinkatuff,0.7,,Tinkatuff,59.1,,Tinkatuff,65,,Tinkatuff,55,,Tinkatuff,55,,,
Tirtouga,0.7,,Tirtouga,16.5,,Tirtouga,54,,Tirtouga,78,,Tirtouga,103,,,
Toedscool,0.9,,Toedscool,33,,Toedscool,40,,Toedscool,40,,Toedscool,35,,,
Toedscruel,1.9,,Toedscruel,58,,Toedscruel,80,,Toedscruel,70,,Toedscruel,65,,,
Togedemaru,0.3,,Togedemaru,3.3,,Togedemaru,65,,Togedemaru,98,,Togedemaru,63,,,
Togekiss,1.5,,Togekiss,38,,Togekiss,85,,Togekiss,50,,Togekiss,95,,,
Togepi,0.3,,Togepi,1.5,,Togepi,35,,Togepi,20,,Togepi,65,,,
Togetic,0.6,,Togetic,3.2,,Togetic,55,,Togetic,40,,Togetic,85,,,
Torchic,0.4,,Torchic,2.5,,Torchic,45,,Torchic,60,,Torchic,40,,,
Torkoal,0.5,,Torkoal,80.4,,Torkoal,70,,Torkoal,85,,Torkoal,140,,,
Tornadus,1.5,,Tornadus,63,,Tornadus,79,,Tornadus,115,,Tornadus,70,,,
Torracat,0.7,,Torracat,25,,Torracat,65,,Torracat,85,,Torracat,50,,,
Torterra,2.2,,Torterra,310,,Torterra,95,,Torterra,109,,Torterra,105,,,
Totodile,0.6,,Totodile,9.5,,Totodile,50,,Totodile,65,,Totodile,64,,,
Toucannon,1.1,,Toucannon,26,,Toucannon,80,,Toucannon,120,,Toucannon,75,,,
Toxapex,0.7,,Toxapex,14.5,,Toxapex,50,,Toxapex,63,,Toxapex,152,,,
Toxel,0.4,,Toxel,11,,Toxel,40,,Toxel,38,,Toxel,35,,,
Toxicroak,1.3,,Toxicroak,44.4,,Toxicroak,83,,Toxicroak,106,,Toxicroak,65,,,
Toxtricity,1.6,,Toxtricity,40,,Toxtricity,75,,Toxtricity,98,,Toxtricity,70,,,
Tranquill,0.6,,Tranquill,15,,Tranquill,62,,Tranquill,77,,Tranquill,62,,,
Trapinch,0.7,,Trapinch,15,,Trapinch,45,,Trapinch,100,,Trapinch,45,,,
Treecko,0.5,,Treecko,5,,Treecko,40,,Treecko,45,,Treecko,35,,,
Trevenant,1.5,,Trevenant,71,,Trevenant,85,,Trevenant,110,,Trevenant,76,,,
Tropius,2,,Tropius,100,,Tropius,99,,Tropius,68,,Tropius,83,,,
Trubbish,0.6,,Trubbish,31,,Trubbish,50,,Trubbish,50,,Trubbish,62,,,
Trumbeak,0.6,,Trumbeak,14.8,,Trumbeak,55,,Trumbeak,85,,Trumbeak,50,,,
Tsareena,1.2,,Tsareena,21.4,,Tsareena,72,,Tsareena,120,,Tsareena,98,,,
Turtonator,2,,Turtonator,212,,Turtonator,60,,Turtonator,78,,Turtonator,135,,,
Turtwig,0.4,,Turtwig,10.2,,Turtwig,55,,Turtwig,68,,Turtwig,64,,,
Tympole,0.5,,Tympole,4.5,,Tympole,50,,Tympole,50,,Tympole,40,,,
Tynamo,0.2,,Tynamo,0.3,,Tynamo,35,,Tynamo,55,,Tynamo,40,,,
Type: Null,1.9,,Type: Null,120.5,,Type: Null,95,,Type: Null,95,,Type: Null,95,,,
Typhlosion,1.7,,Typhlosion,79.5,,Typhlosion,78,,Typhlosion,84,,Typhlosion,78,,,
Tyranitar,2,,Tyranitar,202,,Tyranitar,100,,Tyranitar,134,,Tyranitar,110,,,
Tyrantrum,2.5,,Tyrantrum,270,,Tyrantrum,82,,Tyrantrum,121,,Tyrantrum,119,,,
Tyrogue,0.7,,Tyrogue,21,,Tyrogue,35,,Tyrogue,35,,Tyrogue,35,,,
Tyrunt,0.8,,Tyrunt,26,,Tyrunt,58,,Tyrunt,89,,Tyrunt,77,,,
Umbreon,1,,Umbreon,27,,Umbreon,95,,Umbreon,65,,Umbreon,110,,,
Unfezant,1.2,,Unfezant,29,,Unfezant,80,,Unfezant,115,,Unfezant,80,,,
Unown,0.5,,Unown,5,,Unown,48,,Unown,72,,Unown,48,,,
Ursaluna,2.4,,Ursaluna,290,,Ursaluna,130,,Ursaluna,140,,Ursaluna,105,,,
Ursaring,1.8,,Ursaring,125.8,,Ursaring,90,,Ursaring,130,,Ursaring,75,,,
Urshifu,1.9,,Urshifu,105,,Urshifu,100,,Urshifu,130,,Urshifu,100,,,
Uxie,0.3,,Uxie,0.3,,Uxie,75,,Uxie,75,,Uxie,130,,,
Vanillish,1.1,,Vanillish,41,,Vanillish,51,,Vanillish,65,,Vanillish,65,,,
Vanillite,0.4,,Vanillite,5.7,,Vanillite,36,,Vanillite,50,,Vanillite,50,,,
Vanilluxe,1.3,,Vanilluxe,57.5,,Vanilluxe,71,,Vanilluxe,95,,Vanilluxe,85,,,
Vaporeon,1,,Vaporeon,29,,Vaporeon,130,,Vaporeon,65,,Vaporeon,60,,,
Varoom,1,,Varoom,35,,Varoom,45,,Varoom,70,,Varoom,63,,,
Veluza,2.5,,Veluza,90,,Veluza,90,,Veluza,102,,Veluza,73,,,
Venipede,0.4,,Venipede,5.3,,Venipede,30,,Venipede,45,,Venipede,59,,,
Venomoth,1.5,,Venomoth,12.5,,Venomoth,70,,Venomoth,65,,Venomoth,60,,,
Venonat,1,,Venonat,30,,Venonat,60,,Venonat,55,,Venonat,50,,,
Venusaur,2,,Venusaur,100,,Venusaur,80,,Venusaur,82,,Venusaur,83,,,
Vespiquen,1.2,,Vespiquen,38.5,,Vespiquen,70,,Vespiquen,80,,Vespiquen,102,,,
Vibrava,1.1,,Vibrava,15.3,,Vibrava,50,,Vibrava,70,,Vibrava,50,,,
Victini,0.4,,Victini,4,,Victini,100,,Victini,100,,Victini,100,,,
Victreebel,1.7,,Victreebel,15.5,,Victreebel,80,,Victreebel,105,,Victreebel,65,,,
Vigoroth,1.4,,Vigoroth,46.5,,Vigoroth,80,,Vigoroth,80,,Vigoroth,80,,,
Vikavolt,1.5,,Vikavolt,45,,Vikavolt,77,,Vikavolt,70,,Vikavolt,90,,,
Vileplume,1.2,,Vileplume,18.6,,Vileplume,75,,Vileplume,80,,Vileplume,85,,,
Virizion,2,,Virizion,200,,Virizion,91,,Virizion,90,,Virizion,72,,,
Vivillon,1.2,,Vivillon,17,,Vivillon,80,,Vivillon,52,,Vivillon,50,,,
Volbeat,0.7,,Volbeat,17.7,,Volbeat,65,,Volbeat,73,,Volbeat,75,,,
Volcanion,1.7,,Volcanion,195,,Volcanion,80,,Volcanion,110,,Volcanion,120,,,
Volcarona,1.6,,Volcarona,46,,Volcarona,85,,Volcarona,60,,Volcarona,65,,,
Voltorb,0.5,,Voltorb,10.4,,Voltorb,40,,Voltorb,30,,Voltorb,50,,,
Vullaby,0.5,,Vullaby,9,,Vullaby,70,,Vullaby,55,,Vullaby,75,,,
Vulpix,0.6,,Vulpix,9.9,,Vulpix,38,,Vulpix,41,,Vulpix,40,,,
Wailmer,2,,Wailmer,130,,Wailmer,130,,Wailmer,70,,Wailmer,35,,,
Wailord,14.5,,Wailord,398,,Wailord,170,,Wailord,90,,Wailord,45,,,
Walking Wake,3.5,,Walking Wake,280,,Walking Wake,99,,Walking Wake,83,,Walking Wake,91,,,
Walrein,1.4,,Walrein,150.6,,Walrein,110,,Walrein,80,,Walrein,90,,,
Wartortle,1,,Wartortle,22.5,,Wartortle,59,,Wartortle,63,,Wartortle,80,,,
Watchog,1.1,,Watchog,27,,Watchog,60,,Watchog,85,,Watchog,69,,,
Wattrel,0.4,,Wattrel,3.6,,Wattrel,40,,Wattrel,40,,Wattrel,35,,,
Weavile,1.1,,Weavile,34,,Weavile,70,,Weavile,120,,Weavile,65,,,
Weedle,0.3,,Weedle,3.2,,Weedle,40,,Weedle,35,,Weedle,30,,,
Weepinbell,1,,Weepinbell,6.4,,Weepinbell,65,,Weepinbell,90,,Weepinbell,50,,,
Weezing,1.2,,Weezing,9.5,,Weezing,65,,Weezing,90,,Weezing,120,,,
Whimsicott,0.7,,Whimsicott,6.6,,Whimsicott,60,,Whimsicott,67,,Whimsicott,85,,,
Whirlipede,1.2,,Whirlipede,58.5,,Whirlipede,40,,Whirlipede,55,,Whirlipede,99,,,
Whiscash,0.9,,Whiscash,23.6,,Whiscash,110,,Whiscash,78,,Whiscash,73,,,
Whismur,0.6,,Whismur,16.3,,Whismur,64,,Whismur,51,,Whismur,23,,,
Wigglytuff,1,,Wigglytuff,12,,Wigglytuff,140,,Wigglytuff,70,,Wigglytuff,45,,,
Wiglett,1.2,,Wiglett,1.8,,Wiglett,10,,Wiglett,55,,Wiglett,25,,,
Wimpod,0.5,,Wimpod,12,,Wimpod,25,,Wimpod,35,,Wimpod,40,,,
Wingull,0.6,,Wingull,9.5,,Wingull,40,,Wingull,30,,Wingull,30,,,
Wishiwashi,0.2,,Wishiwashi,0.3,,Wishiwashi,45,,Wishiwashi,20,,Wishiwashi,20,,,
Wobbuffet,1.3,,Wobbuffet,28.5,,Wobbuffet,190,,Wobbuffet,33,,Wobbuffet,58,,,
Wo-Chien,1.5,,Wo-Chien,74.2,,Wo-Chien,85,,Wo-Chien,85,,Wo-Chien,100,,,
Woobat,0.4,,Woobat,2.1,,Woobat,65,,Woobat,45,,Woobat,43,,,
Wooloo,0.6,,Wooloo,6,,Wooloo,42,,Wooloo,40,,Wooloo,55,,,
Wooper,0.4,,Wooper,8.5,,Wooper,55,,Wooper,45,,Wooper,45,,,
Wormadam,0.5,,Wormadam,6.5,,Wormadam,60,,Wormadam,59,,Wormadam,85,,,
Wugtrio,1.2,,Wugtrio,5.4,,Wugtrio,35,,Wugtrio,100,,Wugtrio,50,,,
Wurmple,0.3,,Wurmple,3.6,,Wurmple,45,,Wurmple,45,,Wurmple,35,,,
Wynaut,0.6,,Wynaut,14,,Wynaut,95,,Wynaut,23,,Wynaut,48,,,
Wyrdeer,1.8,,Wyrdeer,95.1,,Wyrdeer,103,,Wyrdeer,105,,Wyrdeer,72,,,
Xatu,1.5,,Xatu,15,,Xatu,65,,Xatu,75,,Xatu,70,,,
Xerneas,3,,Xerneas,215,,Xerneas,126,,Xerneas,131,,Xerneas,95,,,
Xurkitree,3.8,,Xurkitree,100,,Xurkitree,83,,Xurkitree,89,,Xurkitree,71,,,
Yamask,0.5,,Yamask,1.5,,Yamask,38,,Yamask,30,,Yamask,85,,,
Yamper,0.3,,Yamper,13.5,,Yamper,59,,Yamper,45,,Yamper,50,,,
Yanma,1.2,,Yanma,38,,Yanma,65,,Yanma,65,,Yanma,45,,,
Yanmega,1.9,,Yanmega,51.5,,Yanmega,86,,Yanmega,76,,Yanmega,86,,,
Yungoos,0.4,,Yungoos,6,,Yungoos,48,,Yungoos,70,,Yungoos,30,,,
Yveltal,5.8,,Yveltal,203,,Yveltal,126,,Yveltal,131,,Yveltal,95,,,
Zacian,2.8,,Zacian,110,,Zacian,92,,Zacian,120,,Zacian,115,,,
Zamazenta,2.9,,Zamazenta,210,,Zamazenta,92,,Zamazenta,120,,Zamazenta,115,,,
Zangoose,1.3,,Zangoose,40.3,,Zangoose,73,,Zangoose,115,,Zangoose,60,,,
Zapdos,1.6,,Zapdos,52.6,,Zapdos,90,,Zapdos,90,,Zapdos,85,,,
Zarude,1.8,,Zarude,70,,Zarude,105,,Zarude,120,,Zarude,105,,,
Zebstrika,1.6,,Zebstrika,79.5,,Zebstrika,75,,Zebstrika,100,,Zebstrika,63,,,
Zekrom,2.9,,Zekrom,345,,Zekrom,100,,Zekrom,150,,Zekrom,120,,,
Zeraora,1.5,,Zeraora,44.5,,Zeraora,88,,Zeraora,112,,Zeraora,75,,,
Zigzagoon,0.4,,Zigzagoon,17.5,,Zigzagoon,38,,Zigzagoon,30,,Zigzagoon,41,,,
Zoroark,1.6,,Zoroark,81.1,,Zoroark,60,,Zoroark,105,,Zoroark,60,,,
Zorua,0.7,,Zorua,12.5,,Zorua,40,,Zorua,65,,Zorua,40,,,
Zubat,0.8,,Zubat,7.5,,Zubat,40,,Zubat,45,,Zubat,35,,,
Zweilous,1.4,,Zweilous,50,,Zweilous,72,,Zweilous,85,,Zweilous,70,,,
Zygarde,5,,Zygarde,305,,Zygarde,108,,Zygarde,100,,Zygarde,121,,,
Grand Total,1241.9,,Grand Total,68656.2,,Grand Total,71939,,Grand Total,79460,,Grand Total,74320,,,
